Audience segment,Type,Campaign,Ad groups,Clicks,Impr.,CTR,Currency code,Avg. CPC,Cost
Mother's Day Flowers & Greeting Cards,In-market segment,tin_naut_sem_ggl_cvr_dr_b_sem_usa_bau_core_na,[],84,256,32.81%,USD,0.51,42.76
"Wallets, Briefcases & Leather Goods",In-market segment,tin_naut_sem_ggl_cvr_dr_b_sem_usa_bau_appar_male,[],3,8,37.50%,USD,0.75,2.24
Only FP Site,Custom combination segment,tin_naut_sem_ggl_cvr_dr_b_sem_usa_bau_sale_na,[],10,82,12.20%,USD,3.25,32.55
Swimwear,In-market segment,tin_naut_sem_ggl_cvr_dr_b_sem_usa_bau_sale_na,[],1,1,100.00%,USD,1.22,1.22
NauticaNewArrivalsPaidRecipients,Customer segment,tin_naut_sem_ggl_cvr_dr_b_sem_usa_bau_appar_na,[],15,57,26.32%,USD,0.70,10.51
SALES PAGE VISITORS - 90 DAYS,Website visitors,tin_naut_sem_ggl_cvr_dr_b_sem_usa_bau_acces_na,[],1,7,14.29%,USD,0.56,0.56
Value Shoppers,Affinity segment,tin_naut_sem_ggl_cvr_dr_b_sem_usa_bau_appar_na,[],1,10,10.00%,USD,0.01,0.01
Air Travel,In-market segment,tin_naut_sem_ggl_cvr_dr_b_sem_usa_bau_core_na,[],18,82,21.95%,USD,0.70,12.58
NauticaMwDenimPastPurchasersAndAffinityRecipients,Customer segment,tin_naut_sem_ggl_cvr_dr_b_sem_usa_bau_acces_na,[],11,56,19.64%,USD,1.72,18.88
In a Relationship,Detailed demographics,tin_naut_sem_ggl_cvr_dr_b_sem_usa_bau_acces_na,[],6,33,18.18%,USD,0.30,1.79
Christmas Shopping,In-market segment,tin_naut_sem_ggl_cvr_dr_b_sem_usa_bau_appar_female,[],2,13,15.38%,USD,0.97,1.94
Men's Media Fans,Affinity segment,tin_naut_sem_ggl_cvr_dr_b_sem_usa_bau_acces_na,[],5,42,11.90%,USD,0.51,2.55
Outerwear,In-market segment,tin_naut_sem_ggl_cvr_dr_b_sem_usa_bau_appar_male,[],88,482,18.26%,USD,0.75,66.18
Renters,Detailed demographics,tin_naut_sem_ggl_cvr_dr_b_sem_usa_bau_appar_male,[],25,116,21.55%,USD,0.67,16.85
Nautica2023HolidayShoppersList,Customer segment,tin_naut_sem_ggl_cvr_dr_b_sem_usa_bau_core_na,[],70,143,48.95%,USD,0.81,56.75
Travel Buffs,Affinity segment,tin_naut_sem_ggl_cvr_dr_b_sem_usa_bau_appar_female,[],3,22,13.64%,USD,0.34,1.03
SALES PAGE VISITORS - 30 DAYS,Website visitors,tin_naut_sem_ggl_cvr_dr_b_sem_usa_bau_appar_na,[],2,14,14.29%,USD,1.20,2.40
News & Politics,Affinity segment,tin_naut_sem_ggl_cvr_dr_b_sem_usa_bau_appar_na,[],501,"2,097",23.89%,USD,0.95,478.02
Luxury Shoppers,Affinity segment,tin_naut_sem_ggl_cvr_dr_b_sem_usa_bau_appar_female,[],6,18,33.33%,USD,0.17,1.02
Music Lovers,Affinity segment,tin_naut_sem_ggl_cvr_dr_b_sem_usa_bau_acces_na,[],227,"1,350",16.81%,USD,0.58,132.69
Employment,In-market segment,tin_naut_sem_ggl_cvr_dr_b_sem_usa_bau_acces_na,[],17,106,16.04%,USD,0.76,12.86
Parents of Teens (13-17 years),Detailed demographics,tin_naut_sem_ggl_cvr_dr_b_sem_usa_bau_appar_male,[],4,22,18.18%,USD,1.09,4.36
Purchasers of GA4 - Nautica,Website visitors,tin_naut_sem_ggl_cvr_dr_b_sem_usa_bau_core_na,[],71,171,41.52%,USD,0.72,50.93
Luxury Shoppers,Affinity segment,tin_naut_sem_ggl_cvr_dr_b_sem_usa_bau_appar_na,[],9,52,17.31%,USD,0.53,4.73
Women's Apparel,In-market segment,tin_naut_sem_ggl_cvr_dr_b_sem_usa_bau_appar_female,[],1,10,10.00%,USD,0.01,0.01
Purchasers of GA4 - Nautica,Website visitors,tin_naut_sem_ggl_cvr_dr_b_sem_usa_bau_appar_female,[],2,10,20.00%,USD,0.45,0.89
Suits & Business Attire,In-market segment,tin_naut_sem_ggl_cvr_dr_b_sem_usa_bau_appar_na,[],1,4,25.00%,USD,0.32,0.32
Parents of Preschoolers (4-5 years),Detailed demographics,tin_naut_sem_ggl_cvr_dr_b_sem_usa_bau_appar_male,[],1,6,16.67%,USD,0.56,0.56
All Site Visitors - 14 Days,Website visitors,tin_naut_sem_ggl_cvr_dr_b_sem_usa_bau_sale_na,[],3,32,9.38%,USD,0.43,1.28
NauticaEasyStreetEpsilon3PList,Customer segment,tin_naut_sem_ggl_cvr_dr_b_sem_usa_bau_core_na,[],14,27,51.85%,USD,1.05,14.74
Christmas Shopping,In-market segment,tin_naut_sem_ggl_cvr_dr_b_sem_usa_bau_appar_male,[],16,65,24.62%,USD,0.81,13.02
Nautica2023HolidayShoppersList,Customer segment,tin_naut_sem_ggl_cvr_dr_b_sem_usa_bau_appar_na,[],5,14,35.71%,USD,1.31,6.54
Travel,Affinity segment,tin_naut_sem_ggl_cvr_dr_b_sem_usa_bau_sale_na,[],2,14,14.29%,USD,0.30,0.60
Beachbound Travelers,Affinity segment,tin_naut_sem_ggl_cvr_dr_b_sem_usa_bau_sale_na,[],2,9,22.22%,USD,2.36,4.71
Travel,Affinity segment,tin_naut_sem_ggl_cvr_dr_b_sem_usa_bau_acces_na,[],11,43,25.58%,USD,0.42,4.66
Employment,In-market segment,tin_naut_sem_ggl_cvr_dr_b_sem_usa_bau_appar_na,[],34,142,23.94%,USD,0.70,23.75
Nautica2023HolidayShoppersList,Customer segment,tin_naut_sem_ggl_cvr_dr_b_sem_usa_bau_appar_female,[],0,4,0.00%,USD,0,0.00
Value Shoppers,Affinity segment,tin_naut_sem_ggl_cvr_dr_b_sem_usa_bau_acces_na,[],2,5,40.00%,USD,0.19,0.38
Dress Shoes,In-market segment,tin_naut_sem_ggl_cvr_dr_b_sem_usa_bau_appar_male,[],124,631,19.65%,USD,0.83,103.47
SALES PAGE VISITORS - 14 DAYS,Website visitors,tin_naut_sem_ggl_cvr_dr_b_sem_usa_bau_core_na,[],34,70,48.57%,USD,0.57,19.27
SALES PAGE VISITORS - 360 DAYS,Website visitors,tin_naut_sem_ggl_cvr_dr_b_sem_usa_bau_appar_female,[],1,14,7.14%,USD,0.24,0.24
Hotels & Accommodations,In-market segment,tin_naut_sem_ggl_cvr_dr_b_sem_usa_bau_sale_na,[],1,1,100.00%,USD,1.35,1.35
Bargain Hunters,Affinity segment,tin_naut_sem_ggl_cvr_dr_b_sem_usa_bau_sale_na,[],2,14,14.29%,USD,0.63,1.26
All Site Visitors - 7 Days,Website visitors,tin_naut_sem_ggl_cvr_dr_b_sem_usa_bau_appar_male,[],22,165,13.33%,USD,2.21,48.71
All Site Visitors - 30 Days,Website visitors,tin_naut_sem_ggl_cvr_dr_b_sem_usa_bau_sale_na,[],4,30,13.33%,USD,5.98,23.93
Parents of Grade-Schoolers (6-12 years),Detailed demographics,tin_naut_sem_ggl_cvr_dr_b_sem_usa_bau_core_na,[],29,79,36.71%,USD,0.40,11.70
Luxury Travelers,Affinity segment,tin_naut_sem_ggl_cvr_dr_b_sem_usa_bau_appar_female,[],8,13,61.54%,USD,0.58,4.67
Nautica2023HolidayShoppersList,Customer segment,tin_naut_sem_ggl_cvr_dr_b_sem_usa_bau_sale_na,[],3,11,27.27%,USD,1.75,5.26
Current College Students,Detailed demographics,tin_naut_sem_ggl_cvr_dr_b_sem_usa_bau_acces_na,[],1,3,33.33%,USD,0.33,0.33
"Wallets, Briefcases & Leather Goods",In-market segment,tin_naut_sem_ggl_cvr_dr_b_sem_usa_bau_appar_na,[],2,7,28.57%,USD,0.54,1.07
NauticaShoppedDuringBtsSeasons20202023Recipients,Customer segment,tin_naut_sem_ggl_cvr_dr_b_sem_usa_bau_appar_na,[],9,43,20.93%,USD,1.64,14.72
All Site Visitors - 360 Days,Website visitors,tin_naut_sem_ggl_cvr_dr_b_sem_usa_bau_appar_female,[],8,36,22.22%,USD,1.17,9.34
Mother's Day Flowers & Greeting Cards,In-market segment,tin_naut_sem_ggl_cvr_dr_b_sem_usa_bau_appar_female,[],5,17,29.41%,USD,0.54,2.72
NauticaChicSocietyEpsilon3PList,Customer segment,tin_naut_sem_ggl_cvr_dr_b_sem_usa_bau_sale_na,[],1,4,25.00%,USD,9.30,9.30
NauticaEasyStreetEpsilon3PList,Customer segment,tin_naut_sem_ggl_cvr_dr_b_sem_usa_bau_appar_male,[],5,18,27.78%,USD,1.26,6.31
Christmas Shopping,In-market segment,tin_naut_sem_ggl_cvr_dr_b_sem_usa_bau_acces_na,[],10,41,24.39%,USD,0.29,2.94
All visitors,Website visitors,tin_naut_sem_ggl_cvr_dr_b_sem_usa_bau_appar_na,[],37,187,19.79%,USD,0.84,31.14
NauticaEasyStreetEpsilon3PList,Customer segment,tin_naut_sem_ggl_cvr_dr_b_sem_usa_bau_acces_na,[],1,6,16.67%,USD,0.27,0.27
"Wallets, Briefcases & Leather Goods",In-market segment,tin_naut_sem_ggl_cvr_dr_b_sem_usa_bau_appar_female,[],1,2,50.00%,USD,0.04,0.04
All Site Visitors - 14 Days,Website visitors,tin_naut_sem_ggl_cvr_dr_b_sem_usa_bau_core_na,[],86,249,34.54%,USD,0.92,79.12
Avid Business News Readers,Affinity segment,tin_naut_sem_ggl_cvr_dr_b_sem_usa_bau_appar_male,[],114,617,18.48%,USD,1.18,134.03
NauticaPurchased1xInL12MRecipients1,Customer segment,tin_naut_sem_ggl_cvr_dr_b_sem_usa_bau_appar_na,[],16,53,30.19%,USD,1.52,24.40
Employment,In-market segment,tin_naut_sem_ggl_cvr_dr_b_sem_usa_bau_core_na,[],189,525,36.00%,USD,0.60,113.80
All Users of GA4 - Nautica,Website visitors,tin_naut_sem_ggl_cvr_dr_b_sem_usa_bau_appar_male,[],168,716,23.46%,USD,1.31,219.62
Suits & Business Attire,In-market segment,tin_naut_sem_ggl_cvr_dr_b_sem_usa_bau_appar_female,[],0,3,0.00%,USD,0,0.00
Avid World News Readers,Affinity segment,tin_naut_sem_ggl_cvr_dr_b_sem_usa_bau_acces_na,[],29,157,18.47%,USD,0.62,17.91
Shoppers,Affinity segment,tin_naut_sem_ggl_cvr_dr_b_sem_usa_bau_appar_female,[],15,51,29.41%,USD,0.47,7.09
Online Black Friday Shopping,In-market segment,tin_naut_sem_ggl_cvr_dr_b_sem_usa_bau_acces_na,[],8,51,15.69%,USD,1.09,8.74
SALES PAGE VISITORS - 540 DAYS,Website visitors,tin_naut_sem_ggl_cvr_dr_b_sem_usa_bau_acces_na,[],3,27,11.11%,USD,0.01,0.03
Shoppers,Affinity segment,tin_naut_sem_ggl_cvr_dr_b_sem_usa_bau_appar_na,[],44,168,26.19%,USD,0.74,32.76
Men's Media Fans,Affinity segment,tin_naut_sem_ggl_cvr_dr_b_sem_usa_bau_sale_na,[],4,23,17.39%,USD,1.75,6.98
NauticaJustSailingAlongEpsilon3PList,Customer segment,tin_naut_sem_ggl_cvr_dr_b_sem_usa_bau_acces_na,[],0,1,0.00%,USD,0,0.00
NauticaTopPriorityWinterProductsList,Customer segment,tin_naut_sem_ggl_cvr_dr_b_sem_usa_bau_sale_na,[],6,22,27.27%,USD,0.31,1.83
NauticaNewArrivalsPaidRecipients,Customer segment,tin_naut_sem_ggl_cvr_dr_b_sem_usa_bau_acces_na,[],14,49,28.57%,USD,1.04,14.59
NauticaPurchased1xInL12MRecipients1,Customer segment,tin_naut_sem_ggl_cvr_dr_b_sem_usa_bau_appar_male,[],28,154,18.18%,USD,1.03,28.92
Visitors Last 30 Days,Website visitors,tin_naut_sem_ggl_cvr_dr_b_sem_usa_bau_appar_na,[],20,78,25.64%,USD,1.23,24.66
SALES PAGE VISITORS - 14 DAYS,Website visitors,tin_naut_sem_ggl_cvr_dr_b_sem_usa_bau_appar_female,[],2,5,40.00%,USD,0.85,1.69
NauticaPurchased1xInTheLast6M24MRecipients,Customer segment,tin_naut_sem_ggl_cvr_dr_b_sem_usa_bau_sale_na,[],6,40,15.00%,USD,3.69,22.15
NauticaGenZShopperList,Customer segment,tin_naut_sem_ggl_cvr_dr_b_sem_usa_bau_appar_na,[],1,7,14.29%,USD,1.88,1.88
Online Black Friday Shopping,In-market segment,tin_naut_sem_ggl_cvr_dr_b_sem_usa_bau_appar_female,[],1,10,10.00%,USD,0.01,0.01
Christmas Shopping,In-market segment,tin_naut_sem_ggl_cvr_dr_b_sem_usa_bau_sale_na,[],4,11,36.36%,USD,0.31,1.23
Women's Apparel,In-market segment,tin_naut_sem_ggl_cvr_dr_b_sem_usa_bau_core_na,[],38,92,41.30%,USD,1.08,40.86
NauticaDoingWellAndDonatingEpsilon3PList,Customer segment,tin_naut_sem_ggl_cvr_dr_b_sem_usa_bau_sale_na,[],0,2,0.00%,USD,0,0.00
All Site Visitors - 90 Days,Website visitors,tin_naut_sem_ggl_cvr_dr_b_sem_usa_bau_appar_female,[],8,20,40.00%,USD,0.67,5.36
All Site Visitors - 180 Days,Website visitors,tin_naut_sem_ggl_cvr_dr_b_sem_usa_bau_acces_na,[],17,71,23.94%,USD,0.99,16.85
Air Travel,In-market segment,tin_naut_sem_ggl_cvr_dr_b_sem_usa_bau_appar_na,[],5,25,20.00%,USD,1.12,5.62
Only FP Site,Custom combination segment,tin_naut_sem_ggl_cvr_dr_b_sem_usa_bau_core_na,[],321,843,38.08%,USD,0.58,186.42
NauticaBigTallProductAffinityRecipients1,Customer segment,tin_naut_sem_ggl_cvr_dr_b_sem_usa_bau_sale_na,[],6,26,23.08%,USD,3.66,21.96
SALES PAGE VISITORS - 14 DAYS,Website visitors,tin_naut_sem_ggl_cvr_dr_b_sem_usa_bau_appar_na,[],1,4,25.00%,USD,0.01,0.01
Business Travelers,Affinity segment,tin_naut_sem_ggl_cvr_dr_b_sem_usa_bau_acces_na,[],2,12,16.67%,USD,0.23,0.46
NauticaMwHolidayProductAffinityRecipients,Customer segment,tin_naut_sem_ggl_cvr_dr_b_sem_usa_bau_appar_male,[],66,304,21.71%,USD,1.10,72.30
Women's Media Fans,Affinity segment,tin_naut_sem_ggl_cvr_dr_b_sem_usa_bau_appar_female,[],20,70,28.57%,USD,0.47,9.37
Swimwear,In-market segment,tin_naut_sem_ggl_cvr_dr_b_sem_usa_bau_core_na,[],7,28,25.00%,USD,0.19,1.34
In-Store Christmas Shopping,In-market segment,tin_naut_sem_ggl_cvr_dr_b_sem_usa_bau_appar_na,[],0,1,0.00%,USD,0,0.00
Travel,In-market segment,tin_naut_sem_ggl_cvr_dr_b_sem_usa_bau_sale_na,[],2,14,14.29%,USD,0.25,0.50
Online Black Friday Shopping,In-market segment,tin_naut_sem_ggl_cvr_dr_b_sem_usa_bau_sale_na,[],4,21,19.05%,USD,2.25,8.98
SALES PAGE VISITORS - 360 DAYS,Website visitors,tin_naut_sem_ggl_cvr_dr_b_sem_usa_bau_sale_na,[],2,18,11.11%,USD,2.40,4.79
Nautica2023HolidayShoppersList,Customer segment,tin_naut_sem_ggl_cvr_dr_b_sem_usa_bau_acces_na,[],2,8,25.00%,USD,0.91,1.82
In a Relationship,Detailed demographics,tin_naut_sem_ggl_cvr_dr_b_sem_usa_bau_core_na,[],86,254,33.86%,USD,1.00,85.58
Business Travelers,Affinity segment,tin_naut_sem_ggl_cvr_dr_b_sem_usa_bau_appar_female,[],0,4,0.00%,USD,0,0.00
Employment,In-market segment,tin_naut_sem_ggl_cvr_dr_b_sem_usa_bau_sale_na,[],13,38,34.21%,USD,0.90,11.67
In a Relationship,Detailed demographics,tin_naut_sem_ggl_cvr_dr_b_sem_usa_bau_sale_na,[],1,9,11.11%,USD,0.87,0.87
Entertainment News Enthusiasts,Affinity segment,tin_naut_sem_ggl_cvr_dr_b_sem_usa_bau_core_na,[],"1,192","3,469",34.36%,USD,0.59,707.79
NauticaChicSocietyEpsilon3PList,Customer segment,tin_naut_sem_ggl_cvr_dr_b_sem_usa_bau_acces_na,[],0,2,0.00%,USD,0,0.00
Entertainment News Enthusiasts,Affinity segment,tin_naut_sem_ggl_cvr_dr_b_sem_usa_bau_sale_na,[],60,220,27.27%,USD,0.97,58.16
All Site Visitors - 90 Days,Website visitors,tin_naut_sem_ggl_cvr_dr_b_sem_usa_bau_sale_na,[],3,43,6.98%,USD,8.21,24.62
Luxury Travelers,Affinity segment,tin_naut_sem_ggl_cvr_dr_b_sem_usa_bau_appar_na,[],9,25,36.00%,USD,0.58,5.24
Employment,In-market segment,tin_naut_sem_ggl_cvr_dr_b_sem_usa_bau_appar_female,[],12,37,32.43%,USD,0.37,4.42
NauticaBigTallProductAffinityRecipients1,Customer segment,tin_naut_sem_ggl_cvr_dr_b_sem_usa_bau_appar_female,[],4,9,44.44%,USD,0.69,2.76
Nautica180DayLookbackWithHoldoutGroupRecipients,Customer segment,tin_naut_sem_ggl_cvr_dr_b_sem_usa_bau_appar_male,[],28,155,18.06%,USD,1.63,45.59
Parents of Toddlers (1-3 years),Detailed demographics,tin_naut_sem_ggl_cvr_dr_b_sem_usa_bau_appar_male,[],1,3,33.33%,USD,0.74,0.74
Avid World News Readers,Affinity segment,tin_naut_sem_ggl_cvr_dr_b_sem_usa_bau_core_na,[],279,911,30.63%,USD,0.80,222.52
Shoppers,Affinity segment,tin_naut_sem_ggl_cvr_dr_b_sem_usa_bau_acces_na,[],20,110,18.18%,USD,0.47,9.31
Shoes,In-market segment,tin_naut_sem_ggl_cvr_dr_b_sem_usa_bau_appar_male,[],10,39,25.64%,USD,0.47,4.75
Women's Apparel,In-market segment,tin_naut_sem_ggl_cvr_dr_b_sem_usa_bau_acces_na,[],23,137,16.79%,USD,0.48,11.09
NauticaJustSailingAlongEpsilon3PList,Customer segment,tin_naut_sem_ggl_cvr_dr_b_sem_usa_bau_appar_male,[],5,11,45.45%,USD,0.66,3.32
NauticaPredictiveTop25OptimizationRecipients1,Customer segment,tin_naut_sem_ggl_cvr_dr_b_sem_usa_bau_appar_male,[],121,514,23.54%,USD,1.35,163.37
In-Store Christmas Shopping,In-market segment,tin_naut_sem_ggl_cvr_dr_b_sem_usa_bau_sale_na,[],0,2,0.00%,USD,0,0.00
Beachbound Travelers,Affinity segment,tin_naut_sem_ggl_cvr_dr_b_sem_usa_bau_appar_na,[],10,27,37.04%,USD,0.60,5.97
Beachbound Travelers,Affinity segment,tin_naut_sem_ggl_cvr_dr_b_sem_usa_bau_acces_na,[],5,18,27.78%,USD,0.62,3.08
Avid World News Readers,Affinity segment,tin_naut_sem_ggl_cvr_dr_b_sem_usa_bau_appar_female,[],26,89,29.21%,USD,0.49,12.68
SALES PAGE VISITORS - 7 DAYS,Website visitors,tin_naut_sem_ggl_cvr_dr_b_sem_usa_bau_acces_na,[],0,4,0.00%,USD,0,0.00
"Wallets, Briefcases & Leather Goods",In-market segment,tin_naut_sem_ggl_cvr_dr_b_sem_usa_bau_acces_na,[],1,5,20.00%,USD,0.89,0.89
SALES PAGE VISITORS - 90 DAYS,Website visitors,tin_naut_sem_ggl_cvr_dr_b_sem_usa_bau_appar_male,[],6,55,10.91%,USD,1.50,8.99
NauticaPurchased1xInTheLast6M24MRecipients,Customer segment,tin_naut_sem_ggl_cvr_dr_b_sem_usa_bau_appar_male,[],51,214,23.83%,USD,1.82,93.01
Homeowners,Detailed demographics,tin_naut_sem_ggl_cvr_dr_b_sem_usa_bau_appar_na,[],105,548,19.16%,USD,0.81,85.53
Travel Buffs,Affinity segment,tin_naut_sem_ggl_cvr_dr_b_sem_usa_bau_acces_na,[],7,55,12.73%,USD,2.29,16.03
Advertising & Marketing Services,In-market segment,tin_naut_sem_ggl_cvr_dr_b_sem_usa_bau_appar_male,[],1,3,33.33%,USD,0.80,0.80
NauticaBtsProductAffinityRecipients,Customer segment,tin_naut_sem_ggl_cvr_dr_b_sem_usa_bau_appar_na,[],38,169,22.49%,USD,1.08,40.86
NauticaBtsProductAffinityRecipients,Customer segment,tin_naut_sem_ggl_cvr_dr_b_sem_usa_bau_appar_female,[],7,29,24.14%,USD,0.73,5.09
Entertainment News Enthusiasts,Affinity segment,tin_naut_sem_ggl_cvr_dr_b_sem_usa_bau_appar_male,[],319,"1,533",20.81%,USD,1.19,378.53
Parents of Grade-Schoolers (6-12 years),Detailed demographics,tin_naut_sem_ggl_cvr_dr_b_sem_usa_bau_appar_female,[],2,5,40.00%,USD,0.48,0.95
NauticaPredictiveTop25OptimizationRecipients1,Customer segment,tin_naut_sem_ggl_cvr_dr_b_sem_usa_bau_core_na,[],582,"1,424",40.87%,USD,0.62,363.19
Online Christmas Shopping,In-market segment,tin_naut_sem_ggl_cvr_dr_b_sem_usa_bau_appar_male,[],9,60,15.00%,USD,1.36,12.23
Parents of Toddlers (1-3 years),Detailed demographics,tin_naut_sem_ggl_cvr_dr_b_sem_usa_bau_acces_na,[],0,1,0.00%,USD,0,0.00
NauticaEasyStreetEpsilon3PList,Customer segment,tin_naut_sem_ggl_cvr_dr_b_sem_usa_bau_sale_na,[],0,2,0.00%,USD,0,0.00
NauticaMEssentialShirtsPastPurchasersAndAffinityRecipients,Customer segment,tin_naut_sem_ggl_cvr_dr_b_sem_usa_bau_appar_female,[],4,27,14.81%,USD,0.68,2.71
NauticaJustSailingAlongEpsilon3PList,Customer segment,tin_naut_sem_ggl_cvr_dr_b_sem_usa_bau_sale_na,[],2,6,33.33%,USD,7.55,15.10
Visitors Last 30 Days,Website visitors,tin_naut_sem_ggl_cvr_dr_b_sem_usa_bau_sale_na,[],8,65,12.31%,USD,5.45,43.60
Sales & Marketing Jobs,In-market segment,tin_naut_sem_ggl_cvr_dr_b_sem_usa_bau_core_na,[],3,4,75.00%,USD,0.72,2.16
All visitors,Website visitors,tin_naut_sem_ggl_cvr_dr_b_sem_usa_bau_core_na,[],318,842,37.77%,USD,0.71,226.78
NauticaChicSocietyEpsilon3PList,Customer segment,tin_naut_sem_ggl_cvr_dr_b_sem_usa_bau_appar_na,[],5,20,25.00%,USD,1.08,5.41
SALES PAGE VISITORS - 7 DAYS,Website visitors,tin_naut_sem_ggl_cvr_dr_b_sem_usa_bau_sale_na,[],0,13,0.00%,USD,0,0.00
SALES PAGE VISITORS - 540 DAYS,Website visitors,tin_naut_sem_ggl_cvr_dr_b_sem_usa_bau_sale_na,[],5,36,13.89%,USD,3.26,16.28
Men's Apparel,In-market segment,tin_naut_sem_ggl_cvr_dr_b_sem_usa_bau_appar_female,[],0,16,0.00%,USD,0,0.00
Real Estate,In-market segment,tin_naut_sem_ggl_cvr_dr_b_sem_usa_bau_sale_na,[],0,5,0.00%,USD,0,0.00
All Site Visitors - 540 Days,Website visitors,tin_naut_sem_ggl_cvr_dr_b_sem_usa_bau_appar_na,[],57,197,28.93%,USD,1.05,60.05
Real Estate,In-market segment,tin_naut_sem_ggl_cvr_dr_b_sem_usa_bau_appar_male,[],12,75,16.00%,USD,0.71,8.48
Women's Apparel,In-market segment,tin_naut_sem_ggl_cvr_dr_b_sem_usa_bau_appar_na,[],3,14,21.43%,USD,1.65,4.95
Air Travel,In-market segment,tin_naut_sem_ggl_cvr_dr_b_sem_usa_bau_appar_female,[],0,3,0.00%,USD,0,0.00
NauticaWEssentialShirtsPastPurchasersAndAffinityRecipients,Customer segment,tin_naut_sem_ggl_cvr_dr_b_sem_usa_bau_appar_na,[],39,132,29.55%,USD,1.34,52.29
Parents of Infants (0-1 years),Detailed demographics,tin_naut_sem_ggl_cvr_dr_b_sem_usa_bau_appar_female,[],1,3,33.33%,USD,0.55,0.55
All Site Visitors - 14 Days,Website visitors,tin_naut_sem_ggl_cvr_dr_b_sem_usa_bau_appar_male,[],15,169,8.88%,USD,2.08,31.24
Value Shoppers,Affinity segment,tin_naut_sem_ggl_cvr_dr_b_sem_usa_bau_appar_male,[],3,11,27.27%,USD,1.92,5.75
Purchasers of GA4 - Nautica,Website visitors,tin_naut_sem_ggl_cvr_dr_b_sem_usa_bau_appar_male,[],6,37,16.22%,USD,0.95,5.71
Mother's Day Shopping,In-market segment,tin_naut_sem_ggl_cvr_dr_b_sem_usa_bau_appar_na,[],7,41,17.07%,USD,1.21,8.46
Shoes,In-market segment,tin_naut_sem_ggl_cvr_dr_b_sem_usa_bau_acces_na,[],3,13,23.08%,USD,0.62,1.87
Travel,In-market segment,tin_naut_sem_ggl_cvr_dr_b_sem_usa_bau_appar_na,[],11,49,22.45%,USD,0.57,6.30
NauticaMwDenimPastPurchasersAndAffinityRecipients,Customer segment,tin_naut_sem_ggl_cvr_dr_b_sem_usa_bau_sale_na,[],6,57,10.53%,USD,1.59,9.56
Nautica2023HolidayShoppersList,Customer segment,tin_naut_sem_ggl_cvr_dr_b_sem_usa_bau_appar_male,[],11,60,18.33%,USD,1.02,11.20
In a Relationship,Detailed demographics,tin_naut_sem_ggl_cvr_dr_b_sem_usa_bau_appar_na,[],9,47,19.15%,USD,0.78,6.99
Avid Political News Readers,Affinity segment,tin_naut_sem_ggl_cvr_dr_b_sem_usa_bau_core_na,[],407,"1,149",35.42%,USD,0.68,274.86
Women's Apparel,In-market segment,tin_naut_sem_ggl_cvr_dr_b_sem_usa_bau_sale_na,[],14,99,14.14%,USD,0.73,10.20
Air Travel,In-market segment,tin_naut_sem_ggl_cvr_dr_b_sem_usa_bau_acces_na,[],4,15,26.67%,USD,0.29,1.14
NauticaGenZShopperList,Customer segment,tin_naut_sem_ggl_cvr_dr_b_sem_usa_bau_core_na,[],21,51,41.18%,USD,0.47,9.88
Activewear,In-market segment,tin_naut_sem_ggl_cvr_dr_b_sem_usa_bau_acces_na,[],62,299,20.74%,USD,0.43,26.63
Sales & Marketing Jobs,In-market segment,tin_naut_sem_ggl_cvr_dr_b_sem_usa_bau_appar_male,[],1,3,33.33%,USD,0.01,0.01
Entertainment News Enthusiasts,Affinity segment,tin_naut_sem_ggl_cvr_dr_b_sem_usa_bau_appar_na,[],235,"1,002",23.45%,USD,1.14,267.76
Boating & Sailing Enthusiasts,Affinity segment,tin_naut_sem_ggl_cvr_dr_b_sem_usa_bau_appar_na,[],180,728,24.73%,USD,0.98,176.11
All Site Visitors - 360 Days,Website visitors,tin_naut_sem_ggl_cvr_dr_b_sem_usa_bau_sale_na,[],3,55,5.45%,USD,3.30,9.91
NauticaTopPriorityWinterProductsList,Customer segment,tin_naut_sem_ggl_cvr_dr_b_sem_usa_bau_appar_female,[],3,9,33.33%,USD,1.15,3.46
NauticaTopPriorityWinterProductsList,Customer segment,tin_naut_sem_ggl_cvr_dr_b_sem_usa_bau_acces_na,[],5,20,25.00%,USD,1.29,6.44
Apparel & Accessories,In-market segment,tin_naut_sem_ggl_cvr_dr_b_sem_usa_bau_appar_male,[],64,225,28.44%,USD,0.55,35.33
Mother's Day Shopping,In-market segment,tin_naut_sem_ggl_cvr_dr_b_sem_usa_bau_appar_female,[],5,17,29.41%,USD,0.39,1.96
Music Lovers,Affinity segment,tin_naut_sem_ggl_cvr_dr_b_sem_usa_bau_appar_female,[],150,583,25.73%,USD,0.43,64.58
Moving & Relocation,In-market segment,tin_naut_sem_ggl_cvr_dr_b_sem_usa_bau_core_na,[],0,3,0.00%,USD,0,0.00
SALES PAGE VISITORS - 360 DAYS,Website visitors,tin_naut_sem_ggl_cvr_dr_b_sem_usa_bau_appar_na,[],10,38,26.32%,USD,1.05,10.52
NauticaSummerProductAffinityRecipients,Customer segment,tin_naut_sem_ggl_cvr_dr_b_sem_usa_bau_appar_na,[],58,173,33.53%,USD,1.31,75.93
Visitors Last 30 Days,Website visitors,tin_naut_sem_ggl_cvr_dr_b_sem_usa_bau_acces_na,[],3,44,6.82%,USD,6.21,18.62
Men's Media Fans,Affinity segment,tin_naut_sem_ggl_cvr_dr_b_sem_usa_bau_appar_male,[],40,172,23.26%,USD,1.10,44.05
SALES PAGE VISITORS - 30 DAYS,Website visitors,tin_naut_sem_ggl_cvr_dr_b_sem_usa_bau_acces_na,[],2,7,28.57%,USD,2.01,4.02
Parents of Preschoolers (4-5 years),Detailed demographics,tin_naut_sem_ggl_cvr_dr_b_sem_usa_bau_appar_na,[],1,1,100.00%,USD,0.01,0.01
SALES PAGE VISITORS - 360 DAYS,Website visitors,tin_naut_sem_ggl_cvr_dr_b_sem_usa_bau_acces_na,[],3,22,13.64%,USD,1.67,5.02
Single,Detailed demographics,tin_naut_sem_ggl_cvr_dr_b_sem_usa_bau_sale_na,[],9,35,25.71%,USD,3.60,32.42
Visitors Last 30 Days,Website visitors,tin_naut_sem_ggl_cvr_dr_b_sem_usa_bau_core_na,[],141,375,37.60%,USD,0.80,112.19
Activewear,In-market segment,tin_naut_sem_ggl_cvr_dr_b_sem_usa_bau_sale_na,[],21,121,17.36%,USD,1.99,41.72
Value Shoppers,Affinity segment,tin_naut_sem_ggl_cvr_dr_b_sem_usa_bau_sale_na,[],0,5,0.00%,USD,0,0.00
NauticaWEssentialShirtsPastPurchasersAndAffinityRecipients,Customer segment,tin_naut_sem_ggl_cvr_dr_b_sem_usa_bau_core_na,[],329,728,45.19%,USD,0.68,223.85
In a Relationship,Detailed demographics,tin_naut_sem_ggl_cvr_dr_b_sem_usa_bau_appar_male,[],17,64,26.56%,USD,1.19,20.21
Visitors Last 30 Days,Website visitors,tin_naut_sem_ggl_cvr_dr_b_sem_usa_bau_appar_female,[],0,13,0.00%,USD,0,0.00
Avid Business News Readers,Affinity segment,tin_naut_sem_ggl_cvr_dr_b_sem_usa_bau_appar_female,[],21,105,20.00%,USD,0.60,12.53
Luxury Travelers,Affinity segment,tin_naut_sem_ggl_cvr_dr_b_sem_usa_bau_sale_na,[],4,13,30.77%,USD,0.94,3.76
Executive & Management Jobs,In-market segment,tin_naut_sem_ggl_cvr_dr_b_sem_usa_bau_core_na,[],3,5,60.00%,USD,0.06,0.19
All Site Visitors - 90 Days,Website visitors,tin_naut_sem_ggl_cvr_dr_b_sem_usa_bau_core_na,[],152,445,34.16%,USD,0.76,115.97
Mother's Day Shopping,In-market segment,tin_naut_sem_ggl_cvr_dr_b_sem_usa_bau_sale_na,[],0,7,0.00%,USD,0,0.00
Mother's Day Shopping,In-market segment,tin_naut_sem_ggl_cvr_dr_b_sem_usa_bau_core_na,[],78,241,32.37%,USD,0.58,45.05
Renters,Detailed demographics,tin_naut_sem_ggl_cvr_dr_b_sem_usa_bau_appar_na,[],16,72,22.22%,USD,0.58,9.30
Renters,Detailed demographics,tin_naut_sem_ggl_cvr_dr_b_sem_usa_bau_sale_na,[],5,17,29.41%,USD,1.08,5.38
SALES PAGE VISITORS - 7 DAYS,Website visitors,tin_naut_sem_ggl_cvr_dr_b_sem_usa_bau_appar_male,[],5,25,20.00%,USD,0.93,4.67
NauticaSummerProductAffinityRecipients,Customer segment,tin_naut_sem_ggl_cvr_dr_b_sem_usa_bau_sale_na,[],14,79,17.72%,USD,2.14,29.93
Air Travel,In-market segment,tin_naut_sem_ggl_cvr_dr_b_sem_usa_bau_appar_male,[],2,25,8.00%,USD,0.21,0.42
After-Christmas Sale Shopping,In-market segment,tin_naut_sem_ggl_cvr_dr_b_sem_usa_bau_core_na,[],26,76,34.21%,USD,0.28,7.20
NauticaMwDenimPastPurchasersAndAffinityRecipients,Customer segment,tin_naut_sem_ggl_cvr_dr_b_sem_usa_bau_appar_na,[],23,87,26.44%,USD,1.46,33.64
Book Lovers,Affinity segment,tin_naut_sem_ggl_cvr_dr_b_sem_usa_bau_appar_na,[],567,"2,540",22.32%,USD,0.92,519.60
Single,Detailed demographics,tin_naut_sem_ggl_cvr_dr_b_sem_usa_bau_appar_female,[],16,78,20.51%,USD,0.39,6.28
News & Politics,Affinity segment,tin_naut_sem_ggl_cvr_dr_b_sem_usa_bau_sale_na,[],94,418,22.49%,USD,0.88,83.09
News & Politics,Affinity segment,tin_naut_sem_ggl_cvr_dr_b_sem_usa_bau_core_na,[],"2,323","7,220",32.17%,USD,0.66,1539.38
Hotels & Accommodations,In-market segment,tin_naut_sem_ggl_cvr_dr_b_sem_usa_bau_appar_male,[],8,28,28.57%,USD,0.71,5.70
Family Vacationers,Affinity segment,tin_naut_sem_ggl_cvr_dr_b_sem_usa_bau_appar_na,[],16,49,32.65%,USD,0.75,12.07
Advertising & Marketing Services,In-market segment,tin_naut_sem_ggl_cvr_dr_b_sem_usa_bau_appar_na,[],0,5,0.00%,USD,0,0.00
After-Christmas Sale Shopping,In-market segment,tin_naut_sem_ggl_cvr_dr_b_sem_usa_bau_appar_female,[],0,4,0.00%,USD,0,0.00
NauticaShoppedDuringBtsSeasons20202023Recipients,Customer segment,tin_naut_sem_ggl_cvr_dr_b_sem_usa_bau_appar_female,[],5,15,33.33%,USD,0.90,4.50
Mother's Day Dining,In-market segment,tin_naut_sem_ggl_cvr_dr_b_sem_usa_bau_sale_na,[],1,7,14.29%,USD,2.05,2.05
SALES PAGE VISITORS - 90 DAYS,Website visitors,tin_naut_sem_ggl_cvr_dr_b_sem_usa_bau_core_na,[],50,138,36.23%,USD,0.71,35.58
Only FP Site,Custom combination segment,tin_naut_sem_ggl_cvr_dr_b_sem_usa_bau_appar_female,[],7,59,11.86%,USD,0.76,5.29
Parents of Infants (0-1 years),Detailed demographics,tin_naut_sem_ggl_cvr_dr_b_sem_usa_bau_appar_na,[],0,6,0.00%,USD,0,0.00
Purchasers of GA4 - Nautica,Website visitors,tin_naut_sem_ggl_cvr_dr_b_sem_usa_bau_acces_na,[],2,8,25.00%,USD,3.59,7.17
SALES PAGE VISITORS - 7 DAYS,Website visitors,tin_naut_sem_ggl_cvr_dr_b_sem_usa_bau_appar_na,[],3,13,23.08%,USD,2.09,6.28
Hotels & Accommodations,In-market segment,tin_naut_sem_ggl_cvr_dr_b_sem_usa_bau_acces_na,[],3,15,20.00%,USD,0.51,1.54
SALES PAGE VISITORS - 90 DAYS,Website visitors,tin_naut_sem_ggl_cvr_dr_b_sem_usa_bau_sale_na,[],4,16,25.00%,USD,2.73,10.94
NauticaAlreadyAffluentEpsilon3PList,Customer segment,tin_naut_sem_ggl_cvr_dr_b_sem_usa_bau_sale_na,[],0,3,0.00%,USD,0,0.00
NauticaPurchased1xInL12MRecipients1,Customer segment,tin_naut_sem_ggl_cvr_dr_b_sem_usa_bau_core_na,[],163,390,41.79%,USD,0.54,87.27
Book Lovers,Affinity segment,tin_naut_sem_ggl_cvr_dr_b_sem_usa_bau_appar_male,[],748,"3,713",20.15%,USD,1.17,876.20
Activewear,In-market segment,tin_naut_sem_ggl_cvr_dr_b_sem_usa_bau_core_na,[],901,"2,336",38.57%,USD,0.45,405.89
NauticaEasyStreetEpsilon3PList,Customer segment,tin_naut_sem_ggl_cvr_dr_b_sem_usa_bau_appar_na,[],4,11,36.36%,USD,1.22,4.88
Luxury Shoppers,Affinity segment,tin_naut_sem_ggl_cvr_dr_b_sem_usa_bau_acces_na,[],10,66,15.15%,USD,0.43,4.29
Shoppers,Affinity segment,tin_naut_sem_ggl_cvr_dr_b_sem_usa_bau_core_na,[],300,837,35.84%,USD,0.58,174.62
All Site Visitors - 7 Days,Website visitors,tin_naut_sem_ggl_cvr_dr_b_sem_usa_bau_acces_na,[],3,31,9.68%,USD,0.58,1.74
Trips by Destination,In-market segment,tin_naut_sem_ggl_cvr_dr_b_sem_usa_bau_core_na,[],52,155,33.55%,USD,0.47,24.58
All Site Visitors - 180 Days,Website visitors,tin_naut_sem_ggl_cvr_dr_b_sem_usa_bau_core_na,[],214,605,35.37%,USD,0.67,143.23
After-Christmas Sale Shopping,In-market segment,tin_naut_sem_ggl_cvr_dr_b_sem_usa_bau_appar_na,[],5,14,35.71%,USD,0.58,2.91
Outerwear,In-market segment,tin_naut_sem_ggl_cvr_dr_b_sem_usa_bau_acces_na,[],14,88,15.91%,USD,0.52,7.34
Movie Lovers,Affinity segment,tin_naut_sem_ggl_cvr_dr_b_sem_usa_bau_core_na,[],"2,564","8,276",30.98%,USD,0.62,1578.29
NauticaJustSailingAlongEpsilon3PList,Customer segment,tin_naut_sem_ggl_cvr_dr_b_sem_usa_bau_appar_na,[],0,4,0.00%,USD,0,0.00
Avid Business News Readers,Affinity segment,tin_naut_sem_ggl_cvr_dr_b_sem_usa_bau_core_na,[],341,"1,087",31.37%,USD,0.80,272.20
Underwear,In-market segment,tin_naut_sem_ggl_cvr_dr_b_sem_usa_bau_appar_male,[],2,6,33.33%,USD,1.68,3.36
Boating & Sailing Enthusiasts,Affinity segment,tin_naut_sem_ggl_cvr_dr_b_sem_usa_bau_appar_male,[],240,"1,189",20.19%,USD,1.06,255.42
NauticaWEssentialShirtsPastPurchasersAndAffinityRecipients,Customer segment,tin_naut_sem_ggl_cvr_dr_b_sem_usa_bau_appar_male,[],62,271,22.88%,USD,1.78,110.17
Parents of Preschoolers (4-5 years),Detailed demographics,tin_naut_sem_ggl_cvr_dr_b_sem_usa_bau_core_na,[],3,8,37.50%,USD,0.20,0.61
Trips by Destination,In-market segment,tin_naut_sem_ggl_cvr_dr_b_sem_usa_bau_appar_male,[],9,42,21.43%,USD,0.80,7.19
Snowbound Travelers,Affinity segment,tin_naut_sem_ggl_cvr_dr_b_sem_usa_bau_appar_na,[],2,3,66.67%,USD,0.34,0.68
Women's Media Fans,Affinity segment,tin_naut_sem_ggl_cvr_dr_b_sem_usa_bau_appar_male,[],35,216,16.20%,USD,1.00,34.92
NauticaShoppedDuringBtsSeasons20202023Recipients,Customer segment,tin_naut_sem_ggl_cvr_dr_b_sem_usa_bau_sale_na,[],6,26,23.08%,USD,1.86,11.16
Luxury Shoppers,Affinity segment,tin_naut_sem_ggl_cvr_dr_b_sem_usa_bau_core_na,[],110,324,33.95%,USD,0.69,76.42
Only FP Site,Custom combination segment,tin_naut_sem_ggl_cvr_dr_b_sem_usa_bau_appar_male,[],89,426,20.89%,USD,1.45,128.89
Married,Detailed demographics,tin_naut_sem_ggl_cvr_dr_b_sem_usa_bau_appar_female,[],21,83,25.30%,USD,0.57,11.93
NauticaMwDenimPastPurchasersAndAffinityRecipients,Customer segment,tin_naut_sem_ggl_cvr_dr_b_sem_usa_bau_appar_male,[],68,250,27.20%,USD,1.91,129.94
NauticaMEssentialShirtsPastPurchasersAndAffinityRecipients,Customer segment,tin_naut_sem_ggl_cvr_dr_b_sem_usa_bau_appar_na,[],55,160,34.38%,USD,1.19,65.64
NauticaMEssentialShirtsPastPurchasersAndAffinityRecipients,Customer segment,tin_naut_sem_ggl_cvr_dr_b_sem_usa_bau_acces_na,[],16,100,16.00%,USD,1.18,18.85
Outerwear,In-market segment,tin_naut_sem_ggl_cvr_dr_b_sem_usa_bau_appar_female,[],12,59,20.34%,USD,0.37,4.42
Outerwear,In-market segment,tin_naut_sem_ggl_cvr_dr_b_sem_usa_bau_appar_na,[],46,232,19.83%,USD,0.49,22.77
Employment,In-market segment,tin_naut_sem_ggl_cvr_dr_b_sem_usa_bau_appar_male,[],41,165,24.85%,USD,0.84,34.62
All Site Visitors - 360 Days,Website visitors,tin_naut_sem_ggl_cvr_dr_b_sem_usa_bau_core_na,[],306,783,39.08%,USD,0.70,214.89
Apparel & Accessories,In-market segment,tin_naut_sem_ggl_cvr_dr_b_sem_usa_bau_acces_na,[],19,111,17.12%,USD,0.60,11.40
Travel Buffs,Affinity segment,tin_naut_sem_ggl_cvr_dr_b_sem_usa_bau_core_na,[],97,281,34.52%,USD,0.77,74.75
Family Vacationers,Affinity segment,tin_naut_sem_ggl_cvr_dr_b_sem_usa_bau_sale_na,[],4,16,25.00%,USD,2.26,9.04
NauticaGenZShopperList,Customer segment,tin_naut_sem_ggl_cvr_dr_b_sem_usa_bau_appar_male,[],1,16,6.25%,USD,1.68,1.68
SALES PAGE VISITORS - 180 DAYS,Website visitors,tin_naut_sem_ggl_cvr_dr_b_sem_usa_bau_core_na,[],86,195,44.10%,USD,1.00,86.00
NauticaSummerProductAffinityRecipients,Customer segment,tin_naut_sem_ggl_cvr_dr_b_sem_usa_bau_appar_male,[],83,326,25.46%,USD,1.24,102.70
Only FP Site,Custom combination segment,tin_naut_sem_ggl_cvr_dr_b_sem_usa_bau_acces_na,[],26,108,24.07%,USD,1.15,29.97
Business Travelers,Affinity segment,tin_naut_sem_ggl_cvr_dr_b_sem_usa_bau_appar_male,[],9,24,37.50%,USD,0.41,3.73
Family Vacationers,Affinity segment,tin_naut_sem_ggl_cvr_dr_b_sem_usa_bau_acces_na,[],8,20,40.00%,USD,0.24,1.93
Online Christmas Shopping,In-market segment,tin_naut_sem_ggl_cvr_dr_b_sem_usa_bau_appar_na,[],10,44,22.73%,USD,0.40,3.98
Renters,Detailed demographics,tin_naut_sem_ggl_cvr_dr_b_sem_usa_bau_appar_female,[],4,24,16.67%,USD,0.41,1.64
NauticaGenZShopperList,Customer segment,tin_naut_sem_ggl_cvr_dr_b_sem_usa_bau_sale_na,[],0,2,0.00%,USD,0,0.00
Renters,Detailed demographics,tin_naut_sem_ggl_cvr_dr_b_sem_usa_bau_core_na,[],100,309,32.36%,USD,0.40,40.38
NauticaPurchased1xInL12MRecipients1,Customer segment,tin_naut_sem_ggl_cvr_dr_b_sem_usa_bau_appar_female,[],7,15,46.67%,USD,0.94,6.61
SALES PAGE VISITORS - 30 DAYS,Website visitors,tin_naut_sem_ggl_cvr_dr_b_sem_usa_bau_appar_male,[],6,30,20.00%,USD,1.09,6.55
Apparel & Accessories,In-market segment,tin_naut_sem_ggl_cvr_dr_b_sem_usa_bau_appar_female,[],11,43,25.58%,USD,0.33,3.63
Executive & Management Jobs,In-market segment,tin_naut_sem_ggl_cvr_dr_b_sem_usa_bau_appar_na,[],0,3,0.00%,USD,0,0.00
All Site Visitors - 7 Days,Website visitors,tin_naut_sem_ggl_cvr_dr_b_sem_usa_bau_appar_female,[],2,13,15.38%,USD,2.14,4.28
Car Rental,In-market segment,tin_naut_sem_ggl_cvr_dr_b_sem_usa_bau_appar_na,[],1,2,50.00%,USD,2.47,2.47
NauticaNewArrivalsPaidRecipients,Customer segment,tin_naut_sem_ggl_cvr_dr_b_sem_usa_bau_appar_female,[],5,20,25.00%,USD,0.75,3.73
Nautica180DayLookbackWithHoldoutGroupRecipients,Customer segment,tin_naut_sem_ggl_cvr_dr_b_sem_usa_bau_appar_female,[],6,13,46.15%,USD,0.73,4.35
Travel,In-market segment,tin_naut_sem_ggl_cvr_dr_b_sem_usa_bau_acces_na,[],7,45,15.56%,USD,0.53,3.68
All Site Visitors - 540 Days,Website visitors,tin_naut_sem_ggl_cvr_dr_b_sem_usa_bau_appar_male,[],99,442,22.40%,USD,1.15,113.83
Business Travelers,Affinity segment,tin_naut_sem_ggl_cvr_dr_b_sem_usa_bau_core_na,[],30,91,32.97%,USD,0.78,23.38
Parents of Grade-Schoolers (6-12 years),Detailed demographics,tin_naut_sem_ggl_cvr_dr_b_sem_usa_bau_sale_na,[],2,4,50.00%,USD,4.53,9.06
NauticaBigTallProductAffinityRecipients1,Customer segment,tin_naut_sem_ggl_cvr_dr_b_sem_usa_bau_appar_na,[],15,59,25.42%,USD,1.25,18.77
NauticaAlreadyAffluentEpsilon3PList,Customer segment,tin_naut_sem_ggl_cvr_dr_b_sem_usa_bau_appar_na,[],0,2,0.00%,USD,0,0.00
Business Travelers,Affinity segment,tin_naut_sem_ggl_cvr_dr_b_sem_usa_bau_appar_na,[],8,22,36.36%,USD,0.92,7.33
NauticaMEssentialShirtsPastPurchasersAndAffinityRecipients,Customer segment,tin_naut_sem_ggl_cvr_dr_b_sem_usa_bau_appar_male,[],78,357,21.85%,USD,1.21,94.61
All Site Visitors - 30 Days,Website visitors,tin_naut_sem_ggl_cvr_dr_b_sem_usa_bau_appar_female,[],4,17,23.53%,USD,0.70,2.81
All Users of GA4 - Nautica,Website visitors,tin_naut_sem_ggl_cvr_dr_b_sem_usa_bau_core_na,[],771,"1,834",42.04%,USD,0.77,596.46
Avid World News Readers,Affinity segment,tin_naut_sem_ggl_cvr_dr_b_sem_usa_bau_appar_male,[],90,492,18.29%,USD,1.06,95.32
All Site Visitors - 7 Days,Website visitors,tin_naut_sem_ggl_cvr_dr_b_sem_usa_bau_sale_na,[],3,33,9.09%,USD,7.11,21.32
All Site Visitors - 540 Days,Website visitors,tin_naut_sem_ggl_cvr_dr_b_sem_usa_bau_acces_na,[],18,79,22.78%,USD,1.50,27.01
NauticaAlreadyAffluentEpsilon3PList,Customer segment,tin_naut_sem_ggl_cvr_dr_b_sem_usa_bau_core_na,[],4,9,44.44%,USD,0.24,0.96
Visitors Last 30 Days,Website visitors,tin_naut_sem_ggl_cvr_dr_b_sem_usa_bau_appar_male,[],36,223,16.14%,USD,1.19,42.90
SALES PAGE VISITORS - 360 DAYS,Website visitors,tin_naut_sem_ggl_cvr_dr_b_sem_usa_bau_appar_male,[],15,82,18.29%,USD,2.29,34.39
Music Lovers,Affinity segment,tin_naut_sem_ggl_cvr_dr_b_sem_usa_bau_appar_na,[],416,"1,819",22.87%,USD,0.76,317.61
All Users of GA4 - Nautica,Website visitors,tin_naut_sem_ggl_cvr_dr_b_sem_usa_bau_sale_na,[],10,78,12.82%,USD,2.55,25.54
Suits & Business Attire,In-market segment,tin_naut_sem_ggl_cvr_dr_b_sem_usa_bau_appar_male,[],2,6,33.33%,USD,0.14,0.28
Music Lovers,Affinity segment,tin_naut_sem_ggl_cvr_dr_b_sem_usa_bau_appar_male,[],595,"2,874",20.70%,USD,0.94,561.78
Parents of Toddlers (1-3 years),Detailed demographics,tin_naut_sem_ggl_cvr_dr_b_sem_usa_bau_core_na,[],5,7,71.43%,USD,0.05,0.23
All visitors,Website visitors,tin_naut_sem_ggl_cvr_dr_b_sem_usa_bau_acces_na,[],20,108,18.52%,USD,1.56,31.15
In-Store Christmas Shopping,In-market segment,tin_naut_sem_ggl_cvr_dr_b_sem_usa_bau_appar_male,[],1,4,25.00%,USD,2.13,2.13
Real Estate,In-market segment,tin_naut_sem_ggl_cvr_dr_b_sem_usa_bau_appar_na,[],15,48,31.25%,USD,0.77,11.54
Car Rental,In-market segment,tin_naut_sem_ggl_cvr_dr_b_sem_usa_bau_core_na,[],2,5,40.00%,USD,0.01,0.02
SALES PAGE VISITORS - 180 DAYS,Website visitors,tin_naut_sem_ggl_cvr_dr_b_sem_usa_bau_appar_male,[],16,45,35.56%,USD,1.01,16.23
Parents of Teens (13-17 years),Detailed demographics,tin_naut_sem_ggl_cvr_dr_b_sem_usa_bau_acces_na,[],6,10,60.00%,USD,0.20,1.19
Homeowners,Detailed demographics,tin_naut_sem_ggl_cvr_dr_b_sem_usa_bau_acces_na,[],55,377,14.59%,USD,0.52,28.58
Book Lovers,Affinity segment,tin_naut_sem_ggl_cvr_dr_b_sem_usa_bau_sale_na,[],91,515,17.67%,USD,1.42,128.97
Online Christmas Shopping,In-market segment,tin_naut_sem_ggl_cvr_dr_b_sem_usa_bau_sale_na,[],2,12,16.67%,USD,1.56,3.11
Only FP Site,Custom combination segment,tin_naut_sem_ggl_cvr_dr_b_sem_usa_bau_appar_na,[],43,172,25.00%,USD,1.04,44.67
Hotels & Accommodations,In-market segment,tin_naut_sem_ggl_cvr_dr_b_sem_usa_bau_appar_female,[],2,4,50.00%,USD,0.13,0.26
Beachbound Travelers,Affinity segment,tin_naut_sem_ggl_cvr_dr_b_sem_usa_bau_appar_female,[],3,8,37.50%,USD,0.31,0.93
Movie Lovers,Affinity segment,tin_naut_sem_ggl_cvr_dr_b_sem_usa_bau_appar_na,[],548,"2,131",25.72%,USD,0.84,458.13
All Site Visitors - 540 Days,Website visitors,tin_naut_sem_ggl_cvr_dr_b_sem_usa_bau_appar_female,[],6,36,16.67%,USD,4.51,27.04
Parents of Grade-Schoolers (6-12 years),Detailed demographics,tin_naut_sem_ggl_cvr_dr_b_sem_usa_bau_appar_na,[],1,10,10.00%,USD,0.23,0.23
NauticaTopPriorityWinterProductsList,Customer segment,tin_naut_sem_ggl_cvr_dr_b_sem_usa_bau_appar_male,[],25,97,25.77%,USD,2.62,65.46
Parents of Teens (13-17 years),Detailed demographics,tin_naut_sem_ggl_cvr_dr_b_sem_usa_bau_appar_na,[],0,5,0.00%,USD,0,0.00
SALES PAGE VISITORS - 540 DAYS,Website visitors,tin_naut_sem_ggl_cvr_dr_b_sem_usa_bau_core_na,[],132,321,41.12%,USD,0.59,78.20
Mother's Day Dining,In-market segment,tin_naut_sem_ggl_cvr_dr_b_sem_usa_bau_appar_male,[],7,56,12.50%,USD,0.50,3.50
Swimwear,In-market segment,tin_naut_sem_ggl_cvr_dr_b_sem_usa_bau_appar_male,[],2,4,50.00%,USD,0.39,0.78
NauticaShoppedDuringBtsSeasons20202023Recipients,Customer segment,tin_naut_sem_ggl_cvr_dr_b_sem_usa_bau_appar_male,[],35,136,25.74%,USD,1.08,37.87
NauticaChicSocietyEpsilon3PList,Customer segment,tin_naut_sem_ggl_cvr_dr_b_sem_usa_bau_appar_female,[],0,5,0.00%,USD,0,0.00
All Site Visitors - 7 Days,Website visitors,tin_naut_sem_ggl_cvr_dr_b_sem_usa_bau_core_na,[],67,203,33.00%,USD,0.41,27.79
Sales & Marketing Jobs,In-market segment,tin_naut_sem_ggl_cvr_dr_b_sem_usa_bau_appar_female,[],1,1,100.00%,USD,0.18,0.18
Travel,Affinity segment,tin_naut_sem_ggl_cvr_dr_b_sem_usa_bau_appar_female,[],14,35,40.00%,USD,0.51,7.15
SALES PAGE VISITORS - 14 DAYS,Website visitors,tin_naut_sem_ggl_cvr_dr_b_sem_usa_bau_appar_male,[],3,19,15.79%,USD,0.86,2.57
NauticaLooseChangeEpsilon3PList,Customer segment,tin_naut_sem_ggl_cvr_dr_b_sem_usa_bau_appar_male,[],1,6,16.67%,USD,2.86,2.86
All visitors,Website visitors,tin_naut_sem_ggl_cvr_dr_b_sem_usa_bau_appar_male,[],67,445,15.06%,USD,1.08,72.44
Renters,Detailed demographics,tin_naut_sem_ggl_cvr_dr_b_sem_usa_bau_acces_na,[],9,63,14.29%,USD,0.62,5.55
Married,Detailed demographics,tin_naut_sem_ggl_cvr_dr_b_sem_usa_bau_sale_na,[],7,39,17.95%,USD,0.48,3.38
NauticaDoingWellAndDonatingEpsilon3PList,Customer segment,tin_naut_sem_ggl_cvr_dr_b_sem_usa_bau_appar_female,[],0,3,0.00%,USD,0,0.00
Snowbound Travelers,Affinity segment,tin_naut_sem_ggl_cvr_dr_b_sem_usa_bau_core_na,[],5,22,22.73%,USD,0.31,1.54
SALES PAGE VISITORS - 540 DAYS,Website visitors,tin_naut_sem_ggl_cvr_dr_b_sem_usa_bau_appar_na,[],10,41,24.39%,USD,0.76,7.57
NauticaNewArrivalsPaidRecipients,Customer segment,tin_naut_sem_ggl_cvr_dr_b_sem_usa_bau_appar_male,[],27,111,24.32%,USD,1.01,27.24
SALES PAGE VISITORS - 540 DAYS,Website visitors,tin_naut_sem_ggl_cvr_dr_b_sem_usa_bau_appar_male,[],22,85,25.88%,USD,0.77,17.03
All visitors,Website visitors,tin_naut_sem_ggl_cvr_dr_b_sem_usa_bau_sale_na,[],13,82,15.85%,USD,2.08,27.04
Suits & Business Attire,In-market segment,tin_naut_sem_ggl_cvr_dr_b_sem_usa_bau_core_na,[],2,5,40.00%,USD,0.08,0.15
NauticaBigTallProductAffinityRecipients1,Customer segment,tin_naut_sem_ggl_cvr_dr_b_sem_usa_bau_acces_na,[],6,28,21.43%,USD,0.44,2.67
All Site Visitors - 90 Days,Website visitors,tin_naut_sem_ggl_cvr_dr_b_sem_usa_bau_acces_na,[],10,40,25.00%,USD,2.35,23.51
Current College Students,Detailed demographics,tin_naut_sem_ggl_cvr_dr_b_sem_usa_bau_appar_male,[],1,10,10.00%,USD,1.09,1.09
Parents of Teens (13-17 years),Detailed demographics,tin_naut_sem_ggl_cvr_dr_b_sem_usa_bau_appar_female,[],2,9,22.22%,USD,1.74,3.47
NauticaPredictiveTop25OptimizationRecipients1,Customer segment,tin_naut_sem_ggl_cvr_dr_b_sem_usa_bau_acces_na,[],22,134,16.42%,USD,0.67,14.81
Beachbound Travelers,Affinity segment,tin_naut_sem_ggl_cvr_dr_b_sem_usa_bau_appar_male,[],14,50,28.00%,USD,0.95,13.33
Mother's Day Shopping,In-market segment,tin_naut_sem_ggl_cvr_dr_b_sem_usa_bau_acces_na,[],4,43,9.30%,USD,0.80,3.22
NauticaMwHolidayProductAffinityRecipients,Customer segment,tin_naut_sem_ggl_cvr_dr_b_sem_usa_bau_acces_na,[],17,83,20.48%,USD,0.98,16.66
Married,Detailed demographics,tin_naut_sem_ggl_cvr_dr_b_sem_usa_bau_appar_na,[],65,242,26.86%,USD,0.82,53.06
SALES PAGE VISITORS - 14 DAYS,Website visitors,tin_naut_sem_ggl_cvr_dr_b_sem_usa_bau_sale_na,[],3,16,18.75%,USD,1.98,5.95
Current College Students,Detailed demographics,tin_naut_sem_ggl_cvr_dr_b_sem_usa_bau_appar_na,[],3,10,30.00%,USD,0.60,1.79
Movie Lovers,Affinity segment,tin_naut_sem_ggl_cvr_dr_b_sem_usa_bau_appar_male,[],647,"3,214",20.13%,USD,1.17,755.58
Boating & Sailing Enthusiasts,Affinity segment,tin_naut_sem_ggl_cvr_dr_b_sem_usa_bau_appar_female,[],47,205,22.93%,USD,0.64,30.07
Single,Detailed demographics,tin_naut_sem_ggl_cvr_dr_b_sem_usa_bau_acces_na,[],31,185,16.76%,USD,0.47,14.45
Married,Detailed demographics,tin_naut_sem_ggl_cvr_dr_b_sem_usa_bau_core_na,[],239,680,35.15%,USD,0.65,155.39
Online Black Friday Shopping,In-market segment,tin_naut_sem_ggl_cvr_dr_b_sem_usa_bau_core_na,[],72,207,34.78%,USD,0.54,38.99
"Wallets, Briefcases & Leather Goods",In-market segment,tin_naut_sem_ggl_cvr_dr_b_sem_usa_bau_sale_na,[],0,2,0.00%,USD,0,0.00
Single,Detailed demographics,tin_naut_sem_ggl_cvr_dr_b_sem_usa_bau_appar_na,[],54,219,24.66%,USD,0.68,36.94
Underwear,In-market segment,tin_naut_sem_ggl_cvr_dr_b_sem_usa_bau_appar_female,[],0,2,0.00%,USD,0,0.00
Men's Media Fans,Affinity segment,tin_naut_sem_ggl_cvr_dr_b_sem_usa_bau_appar_female,[],9,26,34.62%,USD,0.65,5.88
NauticaBigTallProductAffinityRecipients1,Customer segment,tin_naut_sem_ggl_cvr_dr_b_sem_usa_bau_appar_male,[],45,182,24.73%,USD,1.67,75.34
Snowbound Travelers,Affinity segment,tin_naut_sem_ggl_cvr_dr_b_sem_usa_bau_acces_na,[],1,3,33.33%,USD,0.30,0.30
NauticaPurchased1xInL12MRecipients1,Customer segment,tin_naut_sem_ggl_cvr_dr_b_sem_usa_bau_sale_na,[],4,31,12.90%,USD,1.69,6.76
Bargain Hunters,Affinity segment,tin_naut_sem_ggl_cvr_dr_b_sem_usa_bau_acces_na,[],8,43,18.60%,USD,0.84,6.72
All Site Visitors - 360 Days,Website visitors,tin_naut_sem_ggl_cvr_dr_b_sem_usa_bau_appar_male,[],66,359,18.38%,USD,1.33,87.74
NauticaMwHolidayProductAffinityRecipients,Customer segment,tin_naut_sem_ggl_cvr_dr_b_sem_usa_bau_core_na,[],378,878,43.05%,USD,0.62,235.21
Online Black Friday Shopping,In-market segment,tin_naut_sem_ggl_cvr_dr_b_sem_usa_bau_appar_na,[],18,64,28.13%,USD,0.49,8.77
NauticaNewArrivalsPaidRecipients,Customer segment,tin_naut_sem_ggl_cvr_dr_b_sem_usa_bau_sale_na,[],0,42,0.00%,USD,0,0.00
All Site Visitors - 180 Days,Website visitors,tin_naut_sem_ggl_cvr_dr_b_sem_usa_bau_appar_male,[],47,262,17.94%,USD,2.05,96.52
Parents of Grade-Schoolers (6-12 years),Detailed demographics,tin_naut_sem_ggl_cvr_dr_b_sem_usa_bau_appar_male,[],7,42,16.67%,USD,2.64,18.50
Avid Political News Readers,Affinity segment,tin_naut_sem_ggl_cvr_dr_b_sem_usa_bau_appar_male,[],142,695,20.43%,USD,1.07,152.25
Avid Business News Readers,Affinity segment,tin_naut_sem_ggl_cvr_dr_b_sem_usa_bau_acces_na,[],37,183,20.22%,USD,0.44,16.27
Nautica180DayLookbackWithHoldoutGroupRecipients,Customer segment,tin_naut_sem_ggl_cvr_dr_b_sem_usa_bau_acces_na,[],7,33,21.21%,USD,1.23,8.64
NauticaShoppedDuringBtsSeasons20202023Recipients,Customer segment,tin_naut_sem_ggl_cvr_dr_b_sem_usa_bau_acces_na,[],8,41,19.51%,USD,1.95,15.60
Underwear,In-market segment,tin_naut_sem_ggl_cvr_dr_b_sem_usa_bau_core_na,[],11,23,47.83%,USD,0.11,1.22
SALES PAGE VISITORS - 7 DAYS,Website visitors,tin_naut_sem_ggl_cvr_dr_b_sem_usa_bau_core_na,[],21,54,38.89%,USD,0.76,15.92
Men's Media Fans,Affinity segment,tin_naut_sem_ggl_cvr_dr_b_sem_usa_bau_appar_na,[],22,93,23.66%,USD,0.83,18.35
All Site Visitors - 540 Days,Website visitors,tin_naut_sem_ggl_cvr_dr_b_sem_usa_bau_sale_na,[],11,78,14.10%,USD,6.10,67.11
Christmas Shopping,In-market segment,tin_naut_sem_ggl_cvr_dr_b_sem_usa_bau_core_na,[],63,198,31.82%,USD,1.07,67.36
Outerwear,In-market segment,tin_naut_sem_ggl_cvr_dr_b_sem_usa_bau_sale_na,[],5,43,11.63%,USD,0.95,4.77
Family Vacationers,Affinity segment,tin_naut_sem_ggl_cvr_dr_b_sem_usa_bau_appar_male,[],22,71,30.99%,USD,0.84,18.46
Entertainment News Enthusiasts,Affinity segment,tin_naut_sem_ggl_cvr_dr_b_sem_usa_bau_acces_na,[],112,632,17.72%,USD,0.62,69.01
Real Estate,In-market segment,tin_naut_sem_ggl_cvr_dr_b_sem_usa_bau_core_na,[],68,192,35.42%,USD,0.42,28.34
Mother's Day Flowers & Greeting Cards,In-market segment,tin_naut_sem_ggl_cvr_dr_b_sem_usa_bau_appar_na,[],8,32,25.00%,USD,0.68,5.41
Underwear,In-market segment,tin_naut_sem_ggl_cvr_dr_b_sem_usa_bau_sale_na,[],0,2,0.00%,USD,0,0.00
All visitors,Website visitors,tin_naut_sem_ggl_cvr_dr_b_sem_usa_bau_appar_female,[],14,46,30.43%,USD,1.06,14.89
Internships,In-market segment,tin_naut_sem_ggl_cvr_dr_b_sem_usa_bau_core_na,[],1,2,50.00%,USD,0.01,0.01
Luxury Travelers,Affinity segment,tin_naut_sem_ggl_cvr_dr_b_sem_usa_bau_core_na,[],36,104,34.62%,USD,0.60,21.60
Accounting & Finance Jobs,In-market segment,tin_naut_sem_ggl_cvr_dr_b_sem_usa_bau_core_na,[],2,3,66.67%,USD,0.01,0.02
Sales & Marketing Jobs,In-market segment,tin_naut_sem_ggl_cvr_dr_b_sem_usa_bau_appar_na,[],2,2,100.00%,USD,0.01,0.02
Online Black Friday Shopping,In-market segment,tin_naut_sem_ggl_cvr_dr_b_sem_usa_bau_appar_male,[],12,55,21.82%,USD,0.66,7.92
All Users of GA4 - Nautica,Website visitors,tin_naut_sem_ggl_cvr_dr_b_sem_usa_bau_appar_na,[],116,397,29.22%,USD,1.00,116.09
Apparel & Accessories,In-market segment,tin_naut_sem_ggl_cvr_dr_b_sem_usa_bau_sale_na,[],6,45,13.33%,USD,0.59,3.51
Trips by Destination,In-market segment,tin_naut_sem_ggl_cvr_dr_b_sem_usa_bau_appar_female,[],1,8,12.50%,USD,0.32,0.32
All Site Visitors - 360 Days,Website visitors,tin_naut_sem_ggl_cvr_dr_b_sem_usa_bau_appar_na,[],37,164,22.56%,USD,1.00,37.02
SALES PAGE VISITORS - 14 DAYS,Website visitors,tin_naut_sem_ggl_cvr_dr_b_sem_usa_bau_acces_na,[],0,6,0.00%,USD,0,0.00
Parents of Grade-Schoolers (6-12 years),Detailed demographics,tin_naut_sem_ggl_cvr_dr_b_sem_usa_bau_acces_na,[],1,18,5.56%,USD,0.11,0.11
Men's Apparel,In-market segment,tin_naut_sem_ggl_cvr_dr_b_sem_usa_bau_acces_na,[],6,34,17.65%,USD,0.56,3.33
Homeowners,Detailed demographics,tin_naut_sem_ggl_cvr_dr_b_sem_usa_bau_sale_na,[],20,117,17.09%,USD,2.81,56.18
Travel Buffs,Affinity segment,tin_naut_sem_ggl_cvr_dr_b_sem_usa_bau_sale_na,[],6,23,26.09%,USD,2.94,17.62
Government & Public Sector Jobs,In-market segment,tin_naut_sem_ggl_cvr_dr_b_sem_usa_bau_acces_na,[],0,1,0.00%,USD,0,0.00
Avid Political News Readers,Affinity segment,tin_naut_sem_ggl_cvr_dr_b_sem_usa_bau_appar_na,[],98,403,24.32%,USD,1.12,110.02
Women's Media Fans,Affinity segment,tin_naut_sem_ggl_cvr_dr_b_sem_usa_bau_acces_na,[],13,76,17.11%,USD,0.34,4.48
SALES PAGE VISITORS - 90 DAYS,Website visitors,tin_naut_sem_ggl_cvr_dr_b_sem_usa_bau_appar_na,[],6,22,27.27%,USD,1.53,9.20
NauticaMEssentialShirtsPastPurchasersAndAffinityRecipients,Customer segment,tin_naut_sem_ggl_cvr_dr_b_sem_usa_bau_core_na,[],441,"1,047",42.12%,USD,0.47,208.98
Boating & Sailing Enthusiasts,Affinity segment,tin_naut_sem_ggl_cvr_dr_b_sem_usa_bau_sale_na,[],18,137,13.14%,USD,1.15,20.77
After-Christmas Sale Shopping,In-market segment,tin_naut_sem_ggl_cvr_dr_b_sem_usa_bau_acces_na,[],2,13,15.38%,USD,1.12,2.23
NauticaJustSailingAlongEpsilon3PList,Customer segment,tin_naut_sem_ggl_cvr_dr_b_sem_usa_bau_core_na,[],5,14,35.71%,USD,3.22,16.12
Value Shoppers,Affinity segment,tin_naut_sem_ggl_cvr_dr_b_sem_usa_bau_core_na,[],11,36,30.56%,USD,1.57,17.30
Men's Media Fans,Affinity segment,tin_naut_sem_ggl_cvr_dr_b_sem_usa_bau_core_na,[],115,365,31.51%,USD,0.50,57.94
"Wallets, Briefcases & Leather Goods",In-market segment,tin_naut_sem_ggl_cvr_dr_b_sem_usa_bau_core_na,[],8,27,29.63%,USD,0.37,2.97
News & Politics,Affinity segment,tin_naut_sem_ggl_cvr_dr_b_sem_usa_bau_appar_female,[],199,728,27.34%,USD,0.52,103.97
All Users of GA4 - Nautica,Website visitors,tin_naut_sem_ggl_cvr_dr_b_sem_usa_bau_acces_na,[],34,170,20.00%,USD,1.05,35.68
Socks,In-market segment,tin_naut_sem_ggl_cvr_dr_b_sem_usa_bau_acces_na,[],0,1,0.00%,USD,0,0.00
NauticaAlreadyAffluentEpsilon3PList,Customer segment,tin_naut_sem_ggl_cvr_dr_b_sem_usa_bau_appar_male,[],0,2,0.00%,USD,0,0.00
Activewear,In-market segment,tin_naut_sem_ggl_cvr_dr_b_sem_usa_bau_appar_female,[],34,162,20.99%,USD,0.29,9.92
Trips by Destination,In-market segment,tin_naut_sem_ggl_cvr_dr_b_sem_usa_bau_appar_na,[],7,31,22.58%,USD,0.58,4.04
Music Lovers,Affinity segment,tin_naut_sem_ggl_cvr_dr_b_sem_usa_bau_sale_na,[],74,378,19.58%,USD,0.84,62.26
Men's Apparel,In-market segment,tin_naut_sem_ggl_cvr_dr_b_sem_usa_bau_appar_na,[],31,150,20.67%,USD,0.86,26.61
Travel Buffs,Affinity segment,tin_naut_sem_ggl_cvr_dr_b_sem_usa_bau_appar_na,[],14,75,18.67%,USD,0.60,8.34
Government & Public Sector Jobs,In-market segment,tin_naut_sem_ggl_cvr_dr_b_sem_usa_bau_core_na,[],1,3,33.33%,USD,0.01,0.01
All Site Visitors - 14 Days,Website visitors,tin_naut_sem_ggl_cvr_dr_b_sem_usa_bau_appar_na,[],11,64,17.19%,USD,1.08,11.92
Hotels & Accommodations,In-market segment,tin_naut_sem_ggl_cvr_dr_b_sem_usa_bau_core_na,[],20,63,31.75%,USD,0.72,14.37
Book Lovers,Affinity segment,tin_naut_sem_ggl_cvr_dr_b_sem_usa_bau_core_na,[],"3,054","9,417",32.43%,USD,0.62,1893.12
Bargain Hunters,Affinity segment,tin_naut_sem_ggl_cvr_dr_b_sem_usa_bau_appar_female,[],7,22,31.82%,USD,0.31,2.18
SALES PAGE VISITORS - 180 DAYS,Website visitors,tin_naut_sem_ggl_cvr_dr_b_sem_usa_bau_acces_na,[],3,17,17.65%,USD,0.97,2.91
Nautica180DayLookbackWithHoldoutGroupRecipients,Customer segment,tin_naut_sem_ggl_cvr_dr_b_sem_usa_bau_core_na,[],194,459,42.27%,USD,0.74,143.19
All Site Visitors - 30 Days,Website visitors,tin_naut_sem_ggl_cvr_dr_b_sem_usa_bau_appar_male,[],25,179,13.97%,USD,1.18,29.53
Family Vacationers,Affinity segment,tin_naut_sem_ggl_cvr_dr_b_sem_usa_bau_core_na,[],52,175,29.71%,USD,0.67,35.00
NauticaShoppedDuringBtsSeasons20202023Recipients,Customer segment,tin_naut_sem_ggl_cvr_dr_b_sem_usa_bau_core_na,[],152,351,43.30%,USD,0.49,74.25
SALES PAGE VISITORS - 90 DAYS,Website visitors,tin_naut_sem_ggl_cvr_dr_b_sem_usa_bau_appar_female,[],0,3,0.00%,USD,0,0.00
Shoes,In-market segment,tin_naut_sem_ggl_cvr_dr_b_sem_usa_bau_appar_female,[],1,6,16.67%,USD,0.04,0.04
NauticaPurchased1xInTheLast6M24MRecipients,Customer segment,tin_naut_sem_ggl_cvr_dr_b_sem_usa_bau_appar_female,[],2,22,9.09%,USD,0.72,1.44
News & Politics,Affinity segment,tin_naut_sem_ggl_cvr_dr_b_sem_usa_bau_acces_na,[],193,"1,215",15.88%,USD,0.53,101.97
Mother's Day Dining,In-market segment,tin_naut_sem_ggl_cvr_dr_b_sem_usa_bau_appar_na,[],9,32,28.13%,USD,0.48,4.33
NauticaWEssentialShirtsPastPurchasersAndAffinityRecipients,Customer segment,tin_naut_sem_ggl_cvr_dr_b_sem_usa_bau_sale_na,[],8,68,11.76%,USD,2.11,16.89
Nautica180DayLookbackWithHoldoutGroupRecipients,Customer segment,tin_naut_sem_ggl_cvr_dr_b_sem_usa_bau_sale_na,[],4,37,10.81%,USD,4.92,19.66
Mother's Day Flowers & Greeting Cards,In-market segment,tin_naut_sem_ggl_cvr_dr_b_sem_usa_bau_appar_male,[],18,64,28.13%,USD,0.85,15.21
Married,Detailed demographics,tin_naut_sem_ggl_cvr_dr_b_sem_usa_bau_appar_male,[],84,362,23.20%,USD,1.12,94.42
SALES PAGE VISITORS - 360 DAYS,Website visitors,tin_naut_sem_ggl_cvr_dr_b_sem_usa_bau_core_na,[],104,240,43.33%,USD,0.75,77.65
Executive & Management Jobs,In-market segment,tin_naut_sem_ggl_cvr_dr_b_sem_usa_bau_acces_na,[],0,1,0.00%,USD,0,0.00
Car Rental,In-market segment,tin_naut_sem_ggl_cvr_dr_b_sem_usa_bau_appar_male,[],0,1,0.00%,USD,0,0.00
NauticaPredictiveTop25OptimizationRecipients1,Customer segment,tin_naut_sem_ggl_cvr_dr_b_sem_usa_bau_appar_na,[],66,256,25.78%,USD,1.41,93.38
Shopping Enthusiasts,Affinity segment,tin_naut_sem_ggl_cvr_dr_b_sem_usa_bau_appar_na,[],19,87,21.84%,USD,0.84,15.88
Single,Detailed demographics,tin_naut_sem_ggl_cvr_dr_b_sem_usa_bau_core_na,[],312,"1,029",30.32%,USD,0.57,177.41
SALES PAGE VISITORS - 180 DAYS,Website visitors,tin_naut_sem_ggl_cvr_dr_b_sem_usa_bau_appar_na,[],8,26,30.77%,USD,0.63,5.07
All Site Visitors - 180 Days,Website visitors,tin_naut_sem_ggl_cvr_dr_b_sem_usa_bau_sale_na,[],6,49,12.24%,USD,0.90,5.38
NauticaBigTallProductAffinityRecipients1,Customer segment,tin_naut_sem_ggl_cvr_dr_b_sem_usa_bau_core_na,[],155,366,42.35%,USD,1.01,156.00
SALES PAGE VISITORS - 30 DAYS,Website visitors,tin_naut_sem_ggl_cvr_dr_b_sem_usa_bau_core_na,[],39,95,41.05%,USD,0.51,19.94
Advertising & Marketing Services,In-market segment,tin_naut_sem_ggl_cvr_dr_b_sem_usa_bau_core_na,[],1,4,25.00%,USD,0.01,0.01
NauticaLooseChangeEpsilon3PList,Customer segment,tin_naut_sem_ggl_cvr_dr_b_sem_usa_bau_core_na,[],7,17,41.18%,USD,0.08,0.55
Luxury Shoppers,Affinity segment,tin_naut_sem_ggl_cvr_dr_b_sem_usa_bau_sale_na,[],2,17,11.76%,USD,2.25,4.50
NauticaMwDenimPastPurchasersAndAffinityRecipients,Customer segment,tin_naut_sem_ggl_cvr_dr_b_sem_usa_bau_core_na,[],252,552,45.65%,USD,0.48,121.58
All Site Visitors - 90 Days,Website visitors,tin_naut_sem_ggl_cvr_dr_b_sem_usa_bau_appar_na,[],15,92,16.30%,USD,1.68,25.22
Nautica180DayLookbackWithHoldoutGroupRecipients,Customer segment,tin_naut_sem_ggl_cvr_dr_b_sem_usa_bau_appar_na,[],18,77,23.38%,USD,1.17,21.04
NauticaMwHolidayProductAffinityRecipients,Customer segment,tin_naut_sem_ggl_cvr_dr_b_sem_usa_bau_appar_na,[],39,147,26.53%,USD,1.13,44.25
Purchasers of GA4 - Nautica,Website visitors,tin_naut_sem_ggl_cvr_dr_b_sem_usa_bau_appar_na,[],10,22,45.45%,USD,1.31,13.13
Mother's Day Flowers & Greeting Cards,In-market segment,tin_naut_sem_ggl_cvr_dr_b_sem_usa_bau_acces_na,[],11,42,26.19%,USD,0.46,5.01
Avid Business News Readers,Affinity segment,tin_naut_sem_ggl_cvr_dr_b_sem_usa_bau_sale_na,[],6,67,8.96%,USD,1.16,6.98
Shopping Enthusiasts,Affinity segment,tin_naut_sem_ggl_cvr_dr_b_sem_usa_bau_sale_na,[],7,34,20.59%,USD,0.96,6.71
Underwear,In-market segment,tin_naut_sem_ggl_cvr_dr_b_sem_usa_bau_acces_na,[],0,4,0.00%,USD,0,0.00
Single,Detailed demographics,tin_naut_sem_ggl_cvr_dr_b_sem_usa_bau_appar_male,[],84,381,22.05%,USD,0.89,74.34
All Site Visitors - 30 Days,Website visitors,tin_naut_sem_ggl_cvr_dr_b_sem_usa_bau_appar_na,[],26,89,29.21%,USD,2.06,53.56
Avid Business News Readers,Affinity segment,tin_naut_sem_ggl_cvr_dr_b_sem_usa_bau_appar_na,[],95,381,24.93%,USD,1.04,98.59
NauticaSummerProductAffinityRecipients,Customer segment,tin_naut_sem_ggl_cvr_dr_b_sem_usa_bau_appar_female,[],8,39,20.51%,USD,0.89,7.13
NauticaWEssentialShirtsPastPurchasersAndAffinityRecipients,Customer segment,tin_naut_sem_ggl_cvr_dr_b_sem_usa_bau_appar_female,[],13,45,28.89%,USD,0.53,6.90
NauticaLooseChangeEpsilon3PList,Customer segment,tin_naut_sem_ggl_cvr_dr_b_sem_usa_bau_appar_na,[],1,6,16.67%,USD,5.29,5.29
NauticaBtsProductAffinityRecipients,Customer segment,tin_naut_sem_ggl_cvr_dr_b_sem_usa_bau_acces_na,[],18,83,21.69%,USD,0.61,11.03
NauticaMwHolidayProductAffinityRecipients,Customer segment,tin_naut_sem_ggl_cvr_dr_b_sem_usa_bau_appar_female,[],8,26,30.77%,USD,0.62,4.95
Boating & Sailing Enthusiasts,Affinity segment,tin_naut_sem_ggl_cvr_dr_b_sem_usa_bau_acces_na,[],79,480,16.46%,USD,0.61,48.31
NauticaDoingWellAndDonatingEpsilon3PList,Customer segment,tin_naut_sem_ggl_cvr_dr_b_sem_usa_bau_appar_male,[],5,21,23.81%,USD,2.28,11.38
Women's Media Fans,Affinity segment,tin_naut_sem_ggl_cvr_dr_b_sem_usa_bau_sale_na,[],9,51,17.65%,USD,0.73,6.61
SALES PAGE VISITORS - 180 DAYS,Website visitors,tin_naut_sem_ggl_cvr_dr_b_sem_usa_bau_sale_na,[],1,13,7.69%,USD,1.16,1.16
Swimwear,In-market segment,tin_naut_sem_ggl_cvr_dr_b_sem_usa_bau_acces_na,[],0,5,0.00%,USD,0,0.00
NauticaLooseChangeEpsilon3PList,Customer segment,tin_naut_sem_ggl_cvr_dr_b_sem_usa_bau_sale_na,[],0,1,0.00%,USD,0,0.00
NauticaSummerProductAffinityRecipients,Customer segment,tin_naut_sem_ggl_cvr_dr_b_sem_usa_bau_acces_na,[],21,82,25.61%,USD,0.92,19.38
Movie Lovers,Affinity segment,tin_naut_sem_ggl_cvr_dr_b_sem_usa_bau_appar_female,[],192,666,28.83%,USD,0.54,102.77
Parents of Toddlers (1-3 years),Detailed demographics,tin_naut_sem_ggl_cvr_dr_b_sem_usa_bau_appar_female,[],0,2,0.00%,USD,0,0.00
NauticaNewArrivalsPaidRecipients,Customer segment,tin_naut_sem_ggl_cvr_dr_b_sem_usa_bau_core_na,[],200,416,48.08%,USD,1.15,229.55
NauticaChicSocietyEpsilon3PList,Customer segment,tin_naut_sem_ggl_cvr_dr_b_sem_usa_bau_appar_male,[],9,31,29.03%,USD,2.53,22.75
Book Lovers,Affinity segment,tin_naut_sem_ggl_cvr_dr_b_sem_usa_bau_acces_na,[],230,"1,335",17.23%,USD,0.57,130.41
Parents of Infants (0-1 years),Detailed demographics,tin_naut_sem_ggl_cvr_dr_b_sem_usa_bau_appar_male,[],1,3,33.33%,USD,0.78,0.78
Apparel & Accessories,In-market segment,tin_naut_sem_ggl_cvr_dr_b_sem_usa_bau_core_na,[],226,572,39.51%,USD,0.54,121.90
Mother's Day Dining,In-market segment,tin_naut_sem_ggl_cvr_dr_b_sem_usa_bau_appar_female,[],2,14,14.29%,USD,0.26,0.51
Shopping Enthusiasts,Affinity segment,tin_naut_sem_ggl_cvr_dr_b_sem_usa_bau_core_na,[],174,417,41.73%,USD,0.47,81.08
Underwear,In-market segment,tin_naut_sem_ggl_cvr_dr_b_sem_usa_bau_appar_na,[],3,12,25.00%,USD,0.16,0.49
Outerwear,In-market segment,tin_naut_sem_ggl_cvr_dr_b_sem_usa_bau_core_na,[],298,761,39.16%,USD,0.36,106.90
Women's Media Fans,Affinity segment,tin_naut_sem_ggl_cvr_dr_b_sem_usa_bau_core_na,[],119,404,29.46%,USD,0.61,73.12
Moving & Relocation,In-market segment,tin_naut_sem_ggl_cvr_dr_b_sem_usa_bau_appar_na,[],1,2,50.00%,USD,0.01,0.01
NauticaTopPriorityWinterProductsList,Customer segment,tin_naut_sem_ggl_cvr_dr_b_sem_usa_bau_appar_na,[],5,30,16.67%,USD,2.36,11.78
Book Lovers,Affinity segment,tin_naut_sem_ggl_cvr_dr_b_sem_usa_bau_appar_female,[],248,892,27.80%,USD,0.53,132.43
NauticaSummerProductAffinityRecipients,Customer segment,tin_naut_sem_ggl_cvr_dr_b_sem_usa_bau_core_na,[],441,"1,029",42.86%,USD,0.62,274.67
Apparel & Accessories,In-market segment,tin_naut_sem_ggl_cvr_dr_b_sem_usa_bau_appar_na,[],34,148,22.97%,USD,0.52,17.63
Luxury Travelers,Affinity segment,tin_naut_sem_ggl_cvr_dr_b_sem_usa_bau_appar_male,[],8,31,25.81%,USD,0.75,5.97
NauticaBtsProductAffinityRecipients,Customer segment,tin_naut_sem_ggl_cvr_dr_b_sem_usa_bau_core_na,[],452,"1,065",42.44%,USD,0.62,282.34
SALES PAGE VISITORS - 540 DAYS,Website visitors,tin_naut_sem_ggl_cvr_dr_b_sem_usa_bau_appar_female,[],2,7,28.57%,USD,1.51,3.01
Entertainment News Enthusiasts,Affinity segment,tin_naut_sem_ggl_cvr_dr_b_sem_usa_bau_appar_female,[],96,400,24.00%,USD,0.54,52.12
Purchasers of GA4 - Nautica,Website visitors,tin_naut_sem_ggl_cvr_dr_b_sem_usa_bau_sale_na,[],0,15,0.00%,USD,0,0.00
All Site Visitors - 30 Days,Website visitors,tin_naut_sem_ggl_cvr_dr_b_sem_usa_bau_acces_na,[],11,52,21.15%,USD,0.77,8.46
Activewear,In-market segment,tin_naut_sem_ggl_cvr_dr_b_sem_usa_bau_appar_male,[],151,704,21.45%,USD,0.84,126.73
Bargain Hunters,Affinity segment,tin_naut_sem_ggl_cvr_dr_b_sem_usa_bau_core_na,[],71,198,35.86%,USD,0.36,25.46
Shopping Enthusiasts,Affinity segment,tin_naut_sem_ggl_cvr_dr_b_sem_usa_bau_appar_male,[],23,102,22.55%,USD,0.84,19.28
Socks,In-market segment,tin_naut_sem_ggl_cvr_dr_b_sem_usa_bau_appar_na,[],0,1,0.00%,USD,0,0.00
In-Store Christmas Shopping,In-market segment,tin_naut_sem_ggl_cvr_dr_b_sem_usa_bau_core_na,[],2,5,40.00%,USD,0.01,0.02
Car Rental,In-market segment,tin_naut_sem_ggl_cvr_dr_b_sem_usa_bau_acces_na,[],0,2,0.00%,USD,0,0.00
NauticaMwHolidayProductAffinityRecipients,Customer segment,tin_naut_sem_ggl_cvr_dr_b_sem_usa_bau_sale_na,[],14,77,18.18%,USD,4.84,67.75
Men's Apparel,In-market segment,tin_naut_sem_ggl_cvr_dr_b_sem_usa_bau_appar_male,[],81,364,22.25%,USD,0.83,66.95
After-Christmas Sale Shopping,In-market segment,tin_naut_sem_ggl_cvr_dr_b_sem_usa_bau_appar_male,[],6,26,23.08%,USD,0.89,5.36
Christmas Shopping,In-market segment,tin_naut_sem_ggl_cvr_dr_b_sem_usa_bau_appar_na,[],15,41,36.59%,USD,0.94,14.14
Beachbound Travelers,Affinity segment,tin_naut_sem_ggl_cvr_dr_b_sem_usa_bau_core_na,[],44,126,34.92%,USD,0.75,33.01
Mother's Day Dining,In-market segment,tin_naut_sem_ggl_cvr_dr_b_sem_usa_bau_acces_na,[],5,33,15.15%,USD,0.94,4.72
Hotels & Accommodations,In-market segment,tin_naut_sem_ggl_cvr_dr_b_sem_usa_bau_appar_na,[],0,10,0.00%,USD,0,0.00
Movie Lovers,Affinity segment,tin_naut_sem_ggl_cvr_dr_b_sem_usa_bau_sale_na,[],78,441,17.69%,USD,0.86,66.71
After-Christmas Sale Shopping,In-market segment,tin_naut_sem_ggl_cvr_dr_b_sem_usa_bau_sale_na,[],0,4,0.00%,USD,0,0.00
Homeowners,Detailed demographics,tin_naut_sem_ggl_cvr_dr_b_sem_usa_bau_appar_female,[],71,234,30.34%,USD,0.33,23.65
Parents of Preschoolers (4-5 years),Detailed demographics,tin_naut_sem_ggl_cvr_dr_b_sem_usa_bau_sale_na,[],0,1,0.00%,USD,0,0.00
Parents of Teens (13-17 years),Detailed demographics,tin_naut_sem_ggl_cvr_dr_b_sem_usa_bau_sale_na,[],0,4,0.00%,USD,0,0.00
NauticaGenZShopperList,Customer segment,tin_naut_sem_ggl_cvr_dr_b_sem_usa_bau_appar_female,[],0,3,0.00%,USD,0,0.00
Real Estate,In-market segment,tin_naut_sem_ggl_cvr_dr_b_sem_usa_bau_acces_na,[],2,33,6.06%,USD,0.53,1.06
Current College Students,Detailed demographics,tin_naut_sem_ggl_cvr_dr_b_sem_usa_bau_core_na,[],13,46,28.26%,USD,1.29,16.72
NauticaDoingWellAndDonatingEpsilon3PList,Customer segment,tin_naut_sem_ggl_cvr_dr_b_sem_usa_bau_appar_na,[],1,3,33.33%,USD,1.24,1.24
NauticaPredictiveTop25OptimizationRecipients1,Customer segment,tin_naut_sem_ggl_cvr_dr_b_sem_usa_bau_appar_female,[],17,43,39.53%,USD,1.07,18.15
Advertising & Marketing Services,In-market segment,tin_naut_sem_ggl_cvr_dr_b_sem_usa_bau_acces_na,[],0,3,0.00%,USD,0,0.00
Snowbound Travelers,Affinity segment,tin_naut_sem_ggl_cvr_dr_b_sem_usa_bau_appar_male,[],2,7,28.57%,USD,2.52,5.03
Online Christmas Shopping,In-market segment,tin_naut_sem_ggl_cvr_dr_b_sem_usa_bau_acces_na,[],3,42,7.14%,USD,0.87,2.62
Swimwear,In-market segment,tin_naut_sem_ggl_cvr_dr_b_sem_usa_bau_appar_female,[],0,1,0.00%,USD,0,0.00
Travel,In-market segment,tin_naut_sem_ggl_cvr_dr_b_sem_usa_bau_core_na,[],82,237,34.60%,USD,0.61,50.37
Avid Political News Readers,Affinity segment,tin_naut_sem_ggl_cvr_dr_b_sem_usa_bau_acces_na,[],33,218,15.14%,USD,0.55,18.23
NauticaPurchased1xInL12MRecipients1,Customer segment,tin_naut_sem_ggl_cvr_dr_b_sem_usa_bau_acces_na,[],8,59,13.56%,USD,2.08,16.68
Real Estate,In-market segment,tin_naut_sem_ggl_cvr_dr_b_sem_usa_bau_appar_female,[],6,19,31.58%,USD,0.19,1.15
Online Christmas Shopping,In-market segment,tin_naut_sem_ggl_cvr_dr_b_sem_usa_bau_appar_female,[],5,17,29.41%,USD,0.21,1.06
Family Vacationers,Affinity segment,tin_naut_sem_ggl_cvr_dr_b_sem_usa_bau_appar_female,[],4,14,28.57%,USD,0.22,0.88
NauticaMwDenimPastPurchasersAndAffinityRecipients,Customer segment,tin_naut_sem_ggl_cvr_dr_b_sem_usa_bau_appar_female,[],7,17,41.18%,USD,0.38,2.65
Online Christmas Shopping,In-market segment,tin_naut_sem_ggl_cvr_dr_b_sem_usa_bau_core_na,[],76,218,34.86%,USD,0.49,37.24
Shoes,In-market segment,tin_naut_sem_ggl_cvr_dr_b_sem_usa_bau_core_na,[],40,140,28.57%,USD,0.88,35.06
Homeowners,Detailed demographics,tin_naut_sem_ggl_cvr_dr_b_sem_usa_bau_core_na,[],637,"2,047",31.12%,USD,0.47,296.43
All Site Visitors - 14 Days,Website visitors,tin_naut_sem_ggl_cvr_dr_b_sem_usa_bau_appar_female,[],3,24,12.50%,USD,0.53,1.60
SALES PAGE VISITORS - 180 DAYS,Website visitors,tin_naut_sem_ggl_cvr_dr_b_sem_usa_bau_appar_female,[],2,5,40.00%,USD,0.01,0.02
Trips by Destination,In-market segment,tin_naut_sem_ggl_cvr_dr_b_sem_usa_bau_sale_na,[],2,8,25.00%,USD,3.09,6.17
NauticaWEssentialShirtsPastPurchasersAndAffinityRecipients,Customer segment,tin_naut_sem_ggl_cvr_dr_b_sem_usa_bau_acces_na,[],15,66,22.73%,USD,0.97,14.50
Trips by Destination,In-market segment,tin_naut_sem_ggl_cvr_dr_b_sem_usa_bau_acces_na,[],14,45,31.11%,USD,0.63,8.80
All Users of GA4 - Nautica,Website visitors,tin_naut_sem_ggl_cvr_dr_b_sem_usa_bau_appar_female,[],21,86,24.42%,USD,0.47,9.82
Shoes,In-market segment,tin_naut_sem_ggl_cvr_dr_b_sem_usa_bau_sale_na,[],0,7,0.00%,USD,0,0.00
In a Relationship,Detailed demographics,tin_naut_sem_ggl_cvr_dr_b_sem_usa_bau_appar_female,[],3,9,33.33%,USD,0.13,0.39
Parents of Infants (0-1 years),Detailed demographics,tin_naut_sem_ggl_cvr_dr_b_sem_usa_bau_core_na,[],6,18,33.33%,USD,1.27,7.60
Activewear,In-market segment,tin_naut_sem_ggl_cvr_dr_b_sem_usa_bau_appar_na,[],125,544,22.98%,USD,0.65,81.25
NauticaBtsProductAffinityRecipients,Customer segment,tin_naut_sem_ggl_cvr_dr_b_sem_usa_bau_sale_na,[],9,55,16.36%,USD,2.57,23.13
All Site Visitors - 14 Days,Website visitors,tin_naut_sem_ggl_cvr_dr_b_sem_usa_bau_acces_na,[],5,27,18.52%,USD,0.67,3.34
Bargain Hunters,Affinity segment,tin_naut_sem_ggl_cvr_dr_b_sem_usa_bau_appar_male,[],17,69,24.64%,USD,0.75,12.76
NauticaPurchased1xInTheLast6M24MRecipients,Customer segment,tin_naut_sem_ggl_cvr_dr_b_sem_usa_bau_appar_na,[],26,102,25.49%,USD,1.08,28.14
Parents of Teens (13-17 years),Detailed demographics,tin_naut_sem_ggl_cvr_dr_b_sem_usa_bau_core_na,[],25,52,48.08%,USD,0.31,7.81
NauticaMEssentialShirtsPastPurchasersAndAffinityRecipients,Customer segment,tin_naut_sem_ggl_cvr_dr_b_sem_usa_bau_sale_na,[],9,106,8.49%,USD,0.71,6.40
All Site Visitors - 360 Days,Website visitors,tin_naut_sem_ggl_cvr_dr_b_sem_usa_bau_acces_na,[],17,69,24.64%,USD,1.16,19.73
Avid World News Readers,Affinity segment,tin_naut_sem_ggl_cvr_dr_b_sem_usa_bau_sale_na,[],14,80,17.50%,USD,0.58,8.13
Government & Public Sector Jobs,In-market segment,tin_naut_sem_ggl_cvr_dr_b_sem_usa_bau_appar_male,[],0,2,0.00%,USD,0,0.00
SALES PAGE VISITORS - 30 DAYS,Website visitors,tin_naut_sem_ggl_cvr_dr_b_sem_usa_bau_appar_female,[],1,3,33.33%,USD,5.04,5.04
Travel Buffs,Affinity segment,tin_naut_sem_ggl_cvr_dr_b_sem_usa_bau_appar_male,[],32,107,29.91%,USD,0.71,22.78
Mother's Day Shopping,In-market segment,tin_naut_sem_ggl_cvr_dr_b_sem_usa_bau_appar_male,[],15,59,25.42%,USD,0.88,13.25
NauticaDoingWellAndDonatingEpsilon3PList,Customer segment,tin_naut_sem_ggl_cvr_dr_b_sem_usa_bau_core_na,[],6,31,19.35%,USD,1.36,8.16
SALES PAGE VISITORS - 30 DAYS,Website visitors,tin_naut_sem_ggl_cvr_dr_b_sem_usa_bau_sale_na,[],2,10,20.00%,USD,7.37,14.73
News & Politics,Affinity segment,tin_naut_sem_ggl_cvr_dr_b_sem_usa_bau_appar_male,[],616,"3,163",19.48%,USD,1.12,689.09
Business Travelers,Affinity segment,tin_naut_sem_ggl_cvr_dr_b_sem_usa_bau_sale_na,[],1,12,8.33%,USD,0.73,0.73
NauticaBtsProductAffinityRecipients,Customer segment,tin_naut_sem_ggl_cvr_dr_b_sem_usa_bau_appar_male,[],73,377,19.36%,USD,1.53,111.86
NauticaPredictiveTop25OptimizationRecipients1,Customer segment,tin_naut_sem_ggl_cvr_dr_b_sem_usa_bau_sale_na,[],17,114,14.91%,USD,2.77,47.09
Women's Apparel,In-market segment,tin_naut_sem_ggl_cvr_dr_b_sem_usa_bau_appar_male,[],6,19,31.58%,USD,0.51,3.07
Shoes,In-market segment,tin_naut_sem_ggl_cvr_dr_b_sem_usa_bau_appar_na,[],14,32,43.75%,USD,0.73,10.25
Movie Lovers,Affinity segment,tin_naut_sem_ggl_cvr_dr_b_sem_usa_bau_acces_na,[],212,"1,553",13.65%,USD,0.51,108.62
Music Lovers,Affinity segment,tin_naut_sem_ggl_cvr_dr_b_sem_usa_bau_core_na,[],"2,321","7,518",30.87%,USD,0.55,1267.50
Avid World News Readers,Affinity segment,tin_naut_sem_ggl_cvr_dr_b_sem_usa_bau_appar_na,[],67,303,22.11%,USD,0.71,47.44
Shoppers,Affinity segment,tin_naut_sem_ggl_cvr_dr_b_sem_usa_bau_sale_na,[],10,53,18.87%,USD,1.00,9.98
Married,Detailed demographics,tin_naut_sem_ggl_cvr_dr_b_sem_usa_bau_acces_na,[],19,105,18.10%,USD,0.33,6.23
All Site Visitors - 540 Days,Website visitors,tin_naut_sem_ggl_cvr_dr_b_sem_usa_bau_core_na,[],355,919,38.63%,USD,0.77,272.10
Mother's Day Flowers & Greeting Cards,In-market segment,tin_naut_sem_ggl_cvr_dr_b_sem_usa_bau_sale_na,[],1,13,7.69%,USD,0.86,0.86
Shoppers,Affinity segment,tin_naut_sem_ggl_cvr_dr_b_sem_usa_bau_appar_male,[],78,270,28.89%,USD,0.80,62.58
Travel,Affinity segment,tin_naut_sem_ggl_cvr_dr_b_sem_usa_bau_appar_male,[],25,98,25.51%,USD,0.66,16.52
Luxury Shoppers,Affinity segment,tin_naut_sem_ggl_cvr_dr_b_sem_usa_bau_appar_male,[],30,111,27.03%,USD,0.66,19.78
NauticaPurchased1xInTheLast6M24MRecipients,Customer segment,tin_naut_sem_ggl_cvr_dr_b_sem_usa_bau_acces_na,[],5,41,12.20%,USD,1.31,6.54
Men's Apparel,In-market segment,tin_naut_sem_ggl_cvr_dr_b_sem_usa_bau_core_na,[],217,584,37.16%,USD,1.03,224.23
Current College Students,Detailed demographics,tin_naut_sem_ggl_cvr_dr_b_sem_usa_bau_appar_female,[],0,6,0.00%,USD,0,0.00
Bargain Hunters,Affinity segment,tin_naut_sem_ggl_cvr_dr_b_sem_usa_bau_appar_na,[],10,49,20.41%,USD,0.56,5.56
All Site Visitors - 180 Days,Website visitors,tin_naut_sem_ggl_cvr_dr_b_sem_usa_bau_appar_female,[],3,29,10.34%,USD,0.74,2.21
Mother's Day Dining,In-market segment,tin_naut_sem_ggl_cvr_dr_b_sem_usa_bau_core_na,[],60,153,39.22%,USD,0.50,30.05
Homeowners,Detailed demographics,tin_naut_sem_ggl_cvr_dr_b_sem_usa_bau_appar_male,[],197,908,21.70%,USD,0.91,179.16
NauticaGenZShopperList,Customer segment,tin_naut_sem_ggl_cvr_dr_b_sem_usa_bau_acces_na,[],2,8,25.00%,USD,0.65,1.29
All Site Visitors - 90 Days,Website visitors,tin_naut_sem_ggl_cvr_dr_b_sem_usa_bau_appar_male,[],43,239,17.99%,USD,1.16,49.82
Air Travel,In-market segment,tin_naut_sem_ggl_cvr_dr_b_sem_usa_bau_sale_na,[],1,3,33.33%,USD,4.83,4.83
Travel,Affinity segment,tin_naut_sem_ggl_cvr_dr_b_sem_usa_bau_appar_na,[],23,89,25.84%,USD,0.68,15.74
Luxury Travelers,Affinity segment,tin_naut_sem_ggl_cvr_dr_b_sem_usa_bau_acces_na,[],2,21,9.52%,USD,0.19,0.37
NauticaDoingWellAndDonatingEpsilon3PList,Customer segment,tin_naut_sem_ggl_cvr_dr_b_sem_usa_bau_acces_na,[],0,1,0.00%,USD,0,0.00
All Site Visitors - 7 Days,Website visitors,tin_naut_sem_ggl_cvr_dr_b_sem_usa_bau_appar_na,[],14,77,18.18%,USD,1.27,17.83
Men's Apparel,In-market segment,tin_naut_sem_ggl_cvr_dr_b_sem_usa_bau_sale_na,[],1,31,3.23%,USD,0.63,0.63
All Site Visitors - 180 Days,Website visitors,tin_naut_sem_ggl_cvr_dr_b_sem_usa_bau_appar_na,[],34,131,25.95%,USD,1.47,50.05
Travel,In-market segment,tin_naut_sem_ggl_cvr_dr_b_sem_usa_bau_appar_male,[],22,72,30.56%,USD,0.89,19.51
Avid Political News Readers,Affinity segment,tin_naut_sem_ggl_cvr_dr_b_sem_usa_bau_appar_female,[],29,121,23.97%,USD,0.70,20.41
NauticaChicSocietyEpsilon3PList,Customer segment,tin_naut_sem_ggl_cvr_dr_b_sem_usa_bau_core_na,[],17,50,34.00%,USD,0.80,13.65
Women's Media Fans,Affinity segment,tin_naut_sem_ggl_cvr_dr_b_sem_usa_bau_appar_na,[],33,163,20.25%,USD,0.75,24.85
NauticaPurchased1xInTheLast6M24MRecipients,Customer segment,tin_naut_sem_ggl_cvr_dr_b_sem_usa_bau_core_na,[],232,536,43.28%,USD,0.57,132.95
Sales & Marketing Jobs,In-market segment,tin_naut_sem_ggl_cvr_dr_b_sem_usa_bau_acces_na,[],0,1,0.00%,USD,0,0.00
Boating & Sailing Enthusiasts,Affinity segment,tin_naut_sem_ggl_cvr_dr_b_sem_usa_bau_core_na,[],751,"2,431",30.89%,USD,0.68,507.34
NauticaTopPriorityWinterProductsList,Customer segment,tin_naut_sem_ggl_cvr_dr_b_sem_usa_bau_core_na,[],154,333,46.25%,USD,0.54,83.81
SALES PAGE VISITORS - 7 DAYS,Website visitors,tin_naut_sem_ggl_cvr_dr_b_sem_usa_bau_appar_female,[],2,4,50.00%,USD,0.67,1.34
Value Shoppers,Affinity segment,tin_naut_sem_ggl_cvr_dr_b_sem_usa_bau_appar_female,[],1,3,33.33%,USD,0.34,0.34
Shopping Enthusiasts,Affinity segment,tin_naut_sem_ggl_cvr_dr_b_sem_usa_bau_acces_na,[],19,77,24.68%,USD,0.55,10.51
All Site Visitors - 30 Days,Website visitors,tin_naut_sem_ggl_cvr_dr_b_sem_usa_bau_core_na,[],84,258,32.56%,USD,0.53,44.88
Shopping Enthusiasts,Affinity segment,tin_naut_sem_ggl_cvr_dr_b_sem_usa_bau_appar_female,[],8,32,25.00%,USD,0.49,3.95
Swimwear,In-market segment,tin_naut_sem_ggl_cvr_dr_b_sem_usa_bau_appar_na,[],1,3,33.33%,USD,0.21,0.21
Travel,Affinity segment,tin_naut_sem_ggl_cvr_dr_b_sem_usa_bau_core_na,[],100,309,32.36%,USD,0.67,66.69
Travel,In-market segment,tin_naut_sem_ggl_cvr_dr_b_sem_usa_bau_appar_female,[],2,6,33.33%,USD,0.17,0.34
Avid Political News Readers,Affinity segment,tin_naut_sem_ggl_cvr_dr_b_sem_usa_bau_sale_na,[],18,79,22.78%,USD,0.91,16.31
